Student,108,Blue_collar,128,
Blue_collar,114,Student,109,
Student,109,Blue_collar,126,
Blue_collar,137,Student,104,
Blue_collar,137,Student,117,
Blue_collar,139,Student,112,
Student,110,Blue_collar,134,
Student,112,Blue_collar,129,
Blue_collar,135,Student,115,
Blue_collar,136,Student,107,
Blue_collar,131,Student,106,
Blue_collar,129,Student,113,
Student,111,Blue_collar,135,
Student,115,Blue_collar,133,
Student,122,Blue_collar,134,
Blue_collar,133,Student,109,
Blue_collar,135,Student,116,
Blue_collar,132,Student,129,
Blue_collar,123,Student,110,
Blue_collar,133,Student,120,
Blue_collar,143,Student,111,
Student,117,Blue_collar,136,
Blue_collar,136,Student,115,
Blue_collar,137,Student,117,
Blue_collar,127,Student,113,
Student,109,Blue_collar,127,
Student,108,Blue_collar,133,
Student,114,Blue_collar,139,
Blue_collar,136,Student,109,
Blue_collar,134,Student,109,
