Blue_collar,130,Student,119,
Student,118,Blue_collar,139,
Blue_collar,134,Student,122,
Blue_collar,135,Student,125,
Blue_collar,134,Student,112,
Student,108,Blue_collar,134,
Blue_collar,135,Student,120,
Blue_collar,139,Student,104,
Blue_collar,135,Student,104,
Blue_collar,135,Student,126,
Blue_collar,132,Student,114,
Blue_collar,122,Student,104,
Blue_collar,129,Student,105,
Blue_collar,123,Student,104,
Blue_collar,126,Student,103,
Blue_collar,133,Student,114,
Student,107,Blue_collar,121,
Blue_collar,139,Student,111,
Student,103,Blue_collar,128,
Student,113,Blue_collar,114,
Student,124,Blue_collar,133,
Blue_collar,137,Student,115,
Blue_collar,138,Student,109,
Blue_collar,123,Student,117,
Blue_collar,132,Student,121,
Blue_collar,135,Student,113,
Student,120,Blue_collar,136,
Blue_collar,140,Student,113,
Blue_collar,143,Student,107,
Blue_collar,130,Student,109,
