Blue_collar,139,Student,114,
Blue_collar,121,Student,102,
Blue_collar,126,Student,110,
Student,105,Blue_collar,126,
Student,114,Blue_collar,140,
Blue_collar,130,Student,112,
Blue_collar,117,Student,110,
Blue_collar,135,Student,125,
Blue_collar,136,Student,112,
Blue_collar,123,Student,102,
Blue_collar,136,Student,106,
Blue_collar,138,Student,114,
Blue_collar,126,Student,110,
Blue_collar,141,Student,112,
Blue_collar,134,Student,120,
Blue_collar,131,Student,110,
Student,117,Blue_collar,133,
Student,119,Blue_collar,131,
Student,105,Blue_collar,125,
Student,115,Blue_collar,133,
Blue_collar,129,Student,114,
Blue_collar,136,Student,102,
Blue_collar,127,Student,114,
Blue_collar,133,Student,123,
Blue_collar,129,Student,110,
Blue_collar,134,Student,121,
Blue_collar,128,Student,107,
Blue_collar,115,Student,106,
Blue_collar,137,Student,115,
Blue_collar,120,Student,105,
