Housewife,139,Student,115,
Housewife,146,Student,106,
Student,113,Housewife,126,
Housewife,133,Student,102,
Student,125,Housewife,133,
Housewife,146,Student,119,
Housewife,140,Student,105,
Housewife,147,Student,120,
Housewife,139,Student,118,
Student,110,Housewife,138,
Housewife,146,Student,112,
Housewife,141,Student,107,
Housewife,136,Student,114,
Housewife,140,Student,103,
Housewife,139,Student,104,
Housewife,137,Student,116,
Housewife,149,Student,114,
Student,118,Housewife,136,
Student,109,Housewife,125,
Student,109,Housewife,135,
Housewife,147,Student,115,
Housewife,134,Student,107,
Housewife,144,Student,118,
Housewife,141,Student,110,
Housewife,125,Student,102,
Housewife,144,Student,115,
Housewife,148,Student,113,
Housewife,140,Student,109,
Housewife,137,Student,127,
Student,112,Housewife,139,
