Student,110,Housewife,137,
Housewife,108,Student,91,
Housewife,145,Student,108,
Student,106,Housewife,121,
Housewife,142,Student,113,
Housewife,143,Student,106,
Housewife,138,Student,106,
Housewife,144,Student,115,
Housewife,141,Student,108,
Housewife,143,Student,122,
Housewife,141,Student,104,
Housewife,123,Student,105,
Student,125,Housewife,140,
Housewife,146,Student,117,
Housewife,127,Student,110,
Housewife,140,Student,102,
Housewife,131,Student,107,
Housewife,138,Student,109,
Student,117,Housewife,147,
Housewife,143,Student,109,
Housewife,140,Student,122,
Housewife,137,Student,119,
Housewife,142,Student,119,
Housewife,137,Student,110,
Student,110,Housewife,127,
Housewife,134,Student,101,
Housewife,141,Student,120,
Housewife,139,Student,114,
Housewife,148,Student,111,
Housewife,144,Student,116,
