Housewife,128,Student,113,
Housewife,136,Student,106,
Housewife,135,Student,106,
Student,114,Housewife,136,
Housewife,128,Student,115,
Housewife,131,Student,104,
Housewife,103,Student,101,
Housewife,150,Student,108,
Housewife,143,Student,105,
Housewife,143,Student,116,
Housewife,144,Student,110,
Housewife,129,Student,102,
Housewife,142,Student,111,
Student,116,Housewife,138,
Housewife,125,Student,111,
Housewife,132,Student,112,
Housewife,143,Student,104,
Housewife,148,Student,108,
Housewife,140,Student,104,
Housewife,137,Student,112,
Housewife,144,Student,109,
Housewife,148,Student,113,
Housewife,143,Student,112,
Student,124,Housewife,141,
Housewife,140,Student,110,
Housewife,146,Student,107,
Housewife,136,Student,110,
Housewife,135,Student,103,
Housewife,145,Student,105,
Housewife,130,Student,93,
