6,1,0,0
7,2,0,0
8,3,0,0
9,4,0,0
10,5,0,0
11,6,0,0
12,6,0,0
37,1,0,0
38,2,0,0
39,3,0,0
40,4,0,0
41,5,0,0
42,6,0,0
43,6,0,0
68,1,9.0,9.0
69,2,9.0,18.0
70,3,9.0,27.0
71,4,18.0,45.0
72,5,18.0,63.0
73,6,43.199999999999996,106.19999999999999
74,6,62.099999999999994,168.29999999999998
99,1,38.70000000000001,207.0
100,2,70.20000000000002,277.20000000000005
101,3,113.40000000000002,390.6000000000001
102,4,137.70000000000002,528.3000000000001
103,5,180.90000000000003,709.2
104,6,183.3,892.5
105,6,183.3,1075.8
130,1,0,1075.8
131,2,0,1075.8
132,3,0,1075.8
133,4,0,1075.8
134,5,0,1075.8
135,6,6.600000000000023,1082.4
136,6,21.00000000000002,1103.4
161,1,17.099999999999998,1120.5
162,2,46.8,1167.3
163,3,68.39999999999999,1235.7
164,4,96.29999999999998,1332.0
165,5,117.89999999999998,1449.9
166,6,153.89999999999998,1603.8000000000002
167,6,178.2,1782.0000000000002
192,1,0,1782.0000000000002
193,2,7.2,1789.2000000000003
194,3,28.8,1818.0000000000002
195,4,45.0,1863.0000000000002
196,5,66.6,1929.6000000000001
197,6,75.6,2005.2
198,6,90.0,2095.2
223,1,38.70000000000001,2133.8999999999996
224,2,63.00000000000001,2196.8999999999996
225,3,84.60000000000001,2281.4999999999995
226,4,92.70000000000002,2374.1999999999994
227,5,114.30000000000001,2488.4999999999995
228,6,130.5,2618.9999999999995
229,6,149.4,2768.3999999999996
254,1,9.0,2777.3999999999996
255,2,9.0,2786.3999999999996
256,3,9.0,2795.3999999999996
257,4,18.0,2813.3999999999996
258,5,18.0,2831.3999999999996
259,6,27.0,2858.3999999999996
260,6,27.0,2885.3999999999996
285,1,0,2885.3999999999996
286,2,0,2885.3999999999996
287,3,0,2885.3999999999996
288,4,0,2885.3999999999996
289,5,43.2,2928.5999999999995
290,6,79.20000000000002,3007.7999999999993
291,6,117.90000000000002,3125.6999999999994
316,1,38.7,3164.399999999999
317,2,75.60000000000001,3239.999999999999
318,3,118.80000000000001,3358.7999999999993
319,4,153.9,3512.6999999999994
320,5,153.9,3666.5999999999995
321,6,153.9,3820.4999999999995
322,6,153.9,3974.3999999999996
347,1,9.0,3983.3999999999996
348,2,9.0,3992.3999999999996
349,3,9.0,4001.3999999999996
350,4,18.0,4019.3999999999996
351,5,18.0,4037.3999999999996
352,6,27.0,4064.3999999999996
353,6,27.0,4091.3999999999996
378,1,8.100000000000001,4099.5
379,2,32.4,4131.9
380,3,54.0,4185.9
381,4,62.1,4248.0
382,5,83.7,4331.7
383,6,99.9,4431.599999999999
384,6,118.80000000000001,4550.4
409,1,30.600000000000005,4581.0
410,2,37.800000000000004,4618.8
411,3,59.400000000000006,4678.2
412,4,75.60000000000001,4753.8
413,5,97.20000000000002,4851.0
414,6,106.20000000000002,4957.2
415,6,120.60000000000002,5077.8
440,1,17.099999999999998,5094.900000000001
441,2,46.8,5141.700000000001
442,3,68.39999999999999,5210.1
443,4,96.29999999999998,5306.400000000001
444,5,117.89999999999998,5424.3
445,6,153.89999999999998,5578.2
446,6,178.2,5756.4
471,1,0,5756.4
472,2,0,5756.4
473,3,0,5756.4
474,4,0,5756.4
475,5,0,5756.4
476,6,0,5756.4
477,6,0,5756.4
502,1,30.600000000000005,5787.0
503,2,37.800000000000004,5824.8
504,3,59.400000000000006,5884.2
505,4,83.7,5967.9
506,5,126.9,6094.799999999999
507,6,152.1,6246.9
508,6,183.3,6430.2
533,1,17.100000000000005,6447.3
534,2,41.400000000000006,6488.7
535,3,63.0,6551.7
536,4,72.0,6623.7
537,5,72.0,6695.7
538,6,81.0,6776.7
539,6,83.09999999999998,6859.8
564,1,0,6859.8
565,2,0,6859.8
566,3,0,6859.8
567,4,0,6859.8
568,5,0,6859.8
569,6,0,6859.8
570,6,0,6859.8
595,1,38.7,6898.5
596,2,75.60000000000001,6974.1
597,3,118.80000000000001,7092.900000000001
598,4,153.9,7246.8
599,5,183.3,7430.1
600,6,183.3,7613.400000000001
601,6,183.3,7796.700000000001
626,1,9.0,7805.700000000001
627,2,9.0,7814.700000000001
628,3,9.0,7823.700000000001
629,4,18.0,7841.700000000001
630,5,31.799999999999997,7873.500000000001
631,6,76.79999999999998,7950.300000000001
632,6,115.49999999999999,8065.800000000001
657,1,8.100000000000001,8073.9000000000015
658,2,32.4,8106.300000000001
659,3,54.0,8160.300000000001
660,4,62.1,8222.400000000001
661,5,83.7,8306.100000000002
662,6,99.9,8406.000000000002
663,6,118.80000000000001,8524.800000000001
688,1,30.600000000000005,8555.400000000001
689,2,37.800000000000004,8593.2
690,3,59.400000000000006,8652.6
691,4,75.60000000000001,8728.2
692,5,97.20000000000002,8825.400000000001
693,6,106.20000000000002,8931.600000000002
694,6,120.60000000000002,9052.200000000003
719,1,0,9052.200000000003
720,2,0,9052.200000000003
721,3,21.599999999999998,9073.800000000003
722,4,49.5,9123.300000000003
723,5,71.1,9194.400000000003
724,6,107.1,9301.500000000004
725,6,131.39999999999998,9432.900000000003
750,1,17.099999999999998,9450.000000000004
751,2,46.8,9496.800000000003
752,3,46.8,9543.600000000002
753,4,46.8,9590.400000000001
754,5,46.8,9637.2
755,6,46.8,9684.0
756,6,46.8,9730.8
781,1,30.600000000000005,9761.4
782,2,37.800000000000004,9799.199999999999
783,3,59.400000000000006,9858.599999999999
784,4,75.60000000000001,9934.199999999999
785,5,97.20000000000002,10031.4
786,6,106.20000000000002,10137.6
787,6,120.60000000000002,10258.2
812,1,8.100000000000001,10266.300000000001
813,2,32.4,10298.7
814,3,54.0,10352.7
815,4,62.1,10414.800000000001
816,5,83.7,10498.500000000002
817,6,108.9,10607.400000000001
818,6,127.80000000000001,10735.2
843,1,9.0,10744.2
844,2,9.0,10753.2
845,3,9.0,10762.2
846,4,18.0,10780.2
847,5,18.0,10798.2
848,6,18.0,10816.2
849,6,18.0,10834.2
874,1,38.7,10872.900000000001
875,2,75.60000000000001,10948.500000000002
876,3,118.80000000000001,11067.300000000001
877,4,153.9,11221.2
878,5,183.3,11404.5
879,6,183.3,11587.8
880,6,183.3,11771.099999999999
905,1,0,11771.099999999999
906,2,0,11771.099999999999
907,3,0,11771.099999999999
908,4,0,11771.099999999999
909,5,13.799999999999997,11784.899999999998
910,6,49.800000000000004,11834.699999999997
911,6,88.5,11923.199999999997
936,1,9.0,11932.199999999997
937,2,33.3,11965.499999999996
938,3,54.89999999999999,12020.399999999996
939,4,71.99999999999999,12092.399999999996
940,5,93.59999999999998,12185.999999999996
941,6,118.79999999999998,12304.799999999996
942,6,137.7,12442.499999999996
967,1,38.70000000000001,12481.199999999997
968,2,45.90000000000001,12527.099999999997
969,3,67.50000000000001,12594.599999999997
970,4,83.70000000000002,12678.299999999997
971,5,105.30000000000001,12783.599999999997
972,6,114.30000000000001,12897.899999999996
973,6,128.70000000000002,13026.599999999997
998,1,0,13026.599999999997
999,2,0,13026.599999999997
1000,3,0,13026.599999999997
1001,4,0,13026.599999999997
1002,5,0,13026.599999999997
1003,6,0,13026.599999999997
1004,6,0,13026.599999999997
1029,1,17.099999999999998,13043.699999999997
1030,2,46.8,13090.499999999996
1031,3,68.39999999999999,13158.899999999996
1032,4,96.29999999999998,13255.199999999995
1033,5,117.89999999999998,13373.099999999995
1034,6,153.89999999999998,13526.999999999995
1035,6,178.2,13705.199999999995
1060,1,30.600000000000005,13735.799999999996
1061,2,37.800000000000004,13773.599999999995
1062,3,59.400000000000006,13832.999999999995
1063,4,75.60000000000001,13908.599999999995
1064,5,97.20000000000002,14005.799999999996
1065,6,106.20000000000002,14111.999999999996
1066,6,120.60000000000002,14232.599999999997
1091,1,8.100000000000001,14240.699999999997
1092,2,32.4,14273.099999999997
1093,3,54.0,14327.099999999997
1094,4,62.1,14389.199999999997
1095,5,83.7,14472.899999999998
1096,6,99.9,14572.799999999997
1097,6,118.80000000000001,14691.599999999997
1122,1,9.0,14700.599999999997
1123,2,9.0,14709.599999999997
1124,3,9.0,14718.599999999997
1125,4,18.0,14736.599999999997
1126,5,18.0,14754.599999999997
1127,6,27.0,14781.599999999997
1128,6,27.0,14808.599999999997
1153,1,38.7,14847.299999999997
1154,2,75.60000000000001,14922.899999999998
1155,3,118.80000000000001,15041.699999999997
1156,4,153.9,15195.599999999997
1157,5,183.3,15378.899999999996
1158,6,183.3,15562.199999999995
1159,6,183.3,15745.499999999995
1184,1,0,15745.499999999995
1185,2,0,15745.499999999995
1186,3,0,15745.499999999995
1187,4,0,15745.499999999995
1188,5,13.799999999999997,15759.299999999994
1189,6,49.800000000000004,15809.099999999993
1190,6,88.5,15897.599999999993
1215,1,9.0,15906.599999999993
1216,2,9.0,15915.599999999993
1217,3,9.0,15924.599999999993
1218,4,18.0,15942.599999999993
1219,5,18.0,15960.599999999993
1220,6,27.0,15987.599999999993
1221,6,27.0,16014.599999999993
1246,1,8.100000000000001,16022.699999999993
1247,2,32.4,16055.099999999993
1248,3,54.0,16109.099999999993
1249,4,78.30000000000001,16187.399999999992
1250,5,121.50000000000001,16308.899999999992
1251,6,146.70000000000002,16455.59999999999
1252,6,180.00000000000003,16635.59999999999
1277,1,30.600000000000005,16666.19999999999
1278,2,37.800000000000004,16703.99999999999
1279,3,59.400000000000006,16763.39999999999
1280,4,59.400000000000006,16822.799999999992
1281,5,59.400000000000006,16882.199999999993
1282,6,59.400000000000006,16941.599999999995
1283,6,59.400000000000006,17000.999999999996
1308,1,17.099999999999998,17018.099999999995
1309,2,46.8,17064.899999999994
1310,3,68.39999999999999,17133.299999999996
1311,4,96.29999999999998,17229.599999999995
1312,5,117.89999999999998,17347.499999999996
1313,6,153.89999999999998,17501.399999999998
1314,6,178.2,17679.6
1339,1,0,17679.6
1340,2,0,17679.6
1341,3,0,17679.6
1342,4,0,17679.6
1343,5,0,17679.6
1344,6,0,17679.6
1345,6,14.4,17694.0
1370,1,38.70000000000001,17732.7
1371,2,70.2,17802.9
1372,3,113.4,17916.300000000003
1373,4,137.70000000000002,18054.000000000004
1374,5,180.90000000000003,18234.900000000005
1375,6,183.3,18418.200000000004
1376,6,183.3,18601.500000000004
1401,1,9.0,18610.500000000004
1402,2,9.0,18619.500000000004
1403,3,9.0,18628.500000000004
1404,4,18.0,18646.500000000004
1405,5,18.0,18664.500000000004
1406,6,49.800000000000026,18714.300000000003
1407,6,68.70000000000002,18783.000000000004
1432,1,0,18783.000000000004
1433,2,0,18783.000000000004
1434,3,0,18783.000000000004
1435,4,0,18783.000000000004
1436,5,0,18783.000000000004
1437,6,0,18783.000000000004
1438,6,0,18783.000000000004
1463,1,38.7,18821.700000000004
1464,2,75.60000000000001,18897.300000000003
1465,3,118.80000000000001,19016.100000000002
1466,4,153.9,19170.000000000004
1467,5,183.3,19353.300000000003
1468,6,183.3,19536.600000000002
1469,6,183.3,19719.9
1494,1,9.0,19728.9
1495,2,9.0,19737.9
1496,3,9.0,19746.9
1497,4,18.0,19764.9
1498,5,31.799999999999997,19796.7
1499,6,76.79999999999998,19873.5
1500,6,115.49999999999999,19989.0
1525,1,8.100000000000001,19997.1
1526,2,32.4,20029.5
1527,3,54.0,20083.5
1528,4,62.1,20145.6
1529,5,83.7,20229.3
1530,6,99.9,20329.2
1531,6,118.80000000000001,20448.0
1556,1,30.600000000000005,20478.6
1557,2,37.800000000000004,20516.399999999998
1558,3,59.400000000000006,20575.8
1559,4,75.60000000000001,20651.399999999998
1560,5,97.20000000000002,20748.6
1561,6,106.20000000000002,20854.8
1562,6,120.60000000000002,20975.399999999998
1587,1,17.099999999999998,20992.499999999996
1588,2,46.8,21039.299999999996
1589,3,68.39999999999999,21107.699999999997
1590,4,96.29999999999998,21203.999999999996
1591,5,117.89999999999998,21321.899999999998
1592,6,153.89999999999998,21475.8
1593,6,178.2,21654.0
1618,1,0,21654.0
1619,2,0,21654.0
1620,3,0,21654.0
1621,4,0,21654.0
1622,5,0,21654.0
1623,6,0,21654.0
1624,6,0,21654.0
1649,1,30.600000000000005,21684.6
1650,2,37.800000000000004,21722.399999999998
1651,3,59.400000000000006,21781.8
1652,4,75.60000000000001,21857.399999999998
1653,5,97.20000000000002,21954.6
1654,6,106.20000000000002,22060.8
1655,6,120.60000000000002,22181.399999999998
1680,1,8.100000000000001,22189.499999999996
1681,2,32.4,22221.899999999998
1682,3,54.0,22275.899999999998
1683,4,71.10000000000001,22346.999999999996
1684,5,92.7,22439.699999999997
1685,6,117.9,22557.6
1686,6,136.8,22694.399999999998
1711,1,9.0,22703.399999999998
1712,2,9.0,22712.399999999998
1713,3,9.0,22721.399999999998
1714,4,9.0,22730.399999999998
1715,5,9.0,22739.399999999998
1716,6,9.0,22748.399999999998
1717,6,9.0,22757.399999999998
1742,1,38.7,22796.1
1743,2,75.60000000000001,22871.699999999997
1744,3,118.80000000000001,22990.499999999996
1745,4,153.9,23144.399999999998
1746,5,183.3,23327.699999999997
1747,6,183.3,23510.999999999996
1748,6,183.3,23694.299999999996
1773,1,0,23694.299999999996
1774,2,0,23694.299999999996
1775,3,0,23694.299999999996
1776,4,0,23694.299999999996
1777,5,13.799999999999997,23708.099999999995
1778,6,58.79999999999999,23766.899999999994
1779,6,97.5,23864.399999999994
1804,1,17.099999999999998,23881.499999999993
1805,2,41.39999999999999,23922.899999999994
1806,3,62.999999999999986,23985.899999999994
1807,4,80.09999999999998,24065.999999999993
1808,5,101.69999999999997,24167.699999999993
1809,6,117.89999999999998,24285.599999999995
1810,6,136.79999999999998,24422.399999999994
1835,1,30.600000000000005,24452.999999999993
1836,2,37.800000000000004,24490.799999999992
1837,3,59.400000000000006,24550.199999999993
1838,4,75.60000000000001,24625.799999999992
1839,5,97.20000000000002,24722.999999999993
1840,6,106.20000000000002,24829.199999999993
1841,6,120.60000000000002,24949.799999999992
1866,1,0,24949.799999999992
1867,2,0,24949.799999999992
1868,3,0,24949.799999999992
1869,4,0,24949.799999999992
1870,5,0,24949.799999999992
1871,6,0,24949.799999999992
1872,6,0,24949.799999999992
1897,1,17.099999999999998,24966.89999999999
1898,2,46.8,25013.69999999999
1899,3,68.39999999999999,25082.09999999999
1900,4,96.29999999999998,25178.39999999999
1901,5,117.89999999999998,25296.299999999992
1902,6,153.89999999999998,25450.199999999993
1903,6,178.2,25628.399999999994
1928,1,30.600000000000005,25658.999999999993
1929,2,37.800000000000004,25696.799999999992
1930,3,59.400000000000006,25756.199999999993
1931,4,75.60000000000001,25831.799999999992
1932,5,97.20000000000002,25928.999999999993
1933,6,106.20000000000002,26035.199999999993
1934,6,120.60000000000002,26155.799999999992
1959,1,8.100000000000001,26163.89999999999
1960,2,32.4,26196.299999999992
1961,3,54.0,26250.299999999992
1962,4,62.1,26312.39999999999
1963,5,83.7,26396.09999999999
1964,6,99.9,26495.999999999993
1965,6,118.80000000000001,26614.799999999992
1990,1,9.0,26623.799999999992
1991,2,9.0,26632.799999999992
1992,3,9.0,26641.799999999992
1993,4,18.0,26659.799999999992
1994,5,18.0,26677.799999999992
1995,6,27.0,26704.799999999992
1996,6,27.0,26731.799999999992
2021,1,38.7,26770.499999999993
2022,2,75.60000000000001,26846.09999999999
2023,3,118.80000000000001,26964.89999999999
2024,4,153.9,27118.799999999992
2025,5,183.3,27302.09999999999
2026,6,183.3,27485.39999999999
2027,6,183.3,27668.69999999999
2052,1,0,27668.69999999999
2053,2,0,27668.69999999999
2054,3,0,27668.69999999999
2055,4,0,27668.69999999999
2056,5,13.799999999999997,27682.49999999999
2057,6,49.800000000000004,27732.29999999999
2058,6,88.5,27820.79999999999
2083,1,9.0,27829.79999999999
2084,2,9.0,27838.79999999999
2085,3,9.0,27847.79999999999
2086,4,18.0,27865.79999999999
2087,5,18.0,27883.79999999999
2088,6,27.0,27910.79999999999
2089,6,45.9,27956.69999999999
2114,1,38.70000000000001,27995.39999999999
2115,2,70.20000000000002,28065.59999999999
2116,3,113.40000000000002,28178.999999999993
2117,4,137.70000000000002,28316.699999999993
2118,5,180.90000000000003,28497.599999999995
2119,6,183.3,28680.899999999994
2120,6,183.3,28864.199999999993
2145,1,0,28864.199999999993
2146,2,0,28864.199999999993
2147,3,0,28864.199999999993
2148,4,0,28864.199999999993
2149,5,0,28864.199999999993
2150,6,22.800000000000026,28886.999999999993
2151,6,37.200000000000024,28924.199999999993
2176,1,17.099999999999998,28941.299999999992
2177,2,46.8,28988.09999999999
2178,3,68.39999999999999,29056.499999999993
2179,4,96.29999999999998,29152.799999999992
2180,5,117.89999999999998,29270.699999999993
2181,6,153.89999999999998,29424.599999999995
2182,6,178.2,29602.799999999996
2207,1,0,29602.799999999996
2208,2,0,29602.799999999996
2209,3,21.6,29624.399999999994
2210,4,37.800000000000004,29662.199999999993
2211,5,59.400000000000006,29721.599999999995
2212,6,68.4,29789.999999999996
2213,6,82.80000000000001,29872.799999999996
2238,1,38.70000000000001,29911.499999999996
2239,2,70.2,29981.699999999997
2240,3,91.8,30073.499999999996
2241,4,99.9,30173.399999999998
2242,5,121.5,30294.899999999998
2243,6,137.7,30432.6
2244,6,156.6,30589.199999999997
2269,1,9.0,30598.199999999997
2270,2,9.0,30607.199999999997
2271,3,9.0,30616.199999999997
2272,4,18.0,30634.199999999997
2273,5,18.0,30652.199999999997
2274,6,27.0,30679.199999999997
2275,6,27.0,30706.199999999997
2300,1,0,30706.199999999997
2301,2,0,30706.199999999997
2302,3,0,30706.199999999997
2303,4,0,30706.199999999997
2304,5,0,30706.199999999997
2305,6,36.00000000000001,30742.199999999997
2306,6,74.70000000000002,30816.899999999998
2331,1,38.7,30855.6
2332,2,75.60000000000001,30931.199999999997
2333,3,118.80000000000001,31049.999999999996
2334,4,153.9,31203.899999999998
2335,5,183.3,31387.199999999997
2336,6,183.3,31570.499999999996
2337,6,183.3,31753.799999999996
2362,1,9.0,31762.799999999996
2363,2,9.0,31771.799999999996
2364,3,9.0,31780.799999999996
2365,4,18.0,31798.799999999996
2366,5,31.799999999999997,31830.599999999995
2367,6,40.8,31871.399999999994
2368,6,40.8,31912.199999999993
2393,1,8.100000000000001,31920.299999999992
2394,2,32.4,31952.699999999993
2395,3,54.0,32006.699999999993
2396,4,62.1,32068.799999999992
2397,5,83.7,32152.499999999993
2398,6,99.9,32252.399999999994
2399,6,118.80000000000001,32371.199999999993
2424,1,30.600000000000005,32401.799999999992
2425,2,37.800000000000004,32439.59999999999
2426,3,59.400000000000006,32498.999999999993
2427,4,75.60000000000001,32574.59999999999
2428,5,97.20000000000002,32671.799999999992
2429,6,106.20000000000002,32777.99999999999
2430,6,120.60000000000002,32898.59999999999
2455,1,17.099999999999998,32915.69999999999
2456,2,46.8,32962.49999999999
2457,3,68.39999999999999,33030.899999999994
2458,4,96.29999999999998,33127.2
2459,5,117.89999999999998,33245.1
2460,6,153.89999999999998,33399.0
2461,6,178.2,33577.2
2486,1,0,33577.2
2487,2,0,33577.2
2488,3,0,33577.2
2489,4,0,33577.2
2490,5,0,33577.2
2491,6,0,33577.2
2492,6,0,33577.2
2517,1,30.600000000000005,33607.799999999996
2518,2,37.800000000000004,33645.6
2519,3,59.400000000000006,33705.0
2520,4,75.60000000000001,33780.6
2521,5,118.80000000000001,33899.4
2522,6,144.0,34043.4
2523,6,177.3,34220.700000000004
2548,1,17.100000000000005,34237.8
2549,2,41.400000000000006,34279.200000000004
2550,3,63.0,34342.200000000004
2551,4,80.10000000000001,34422.3
2552,5,80.10000000000001,34502.4
2553,6,89.10000000000001,34591.5
2554,6,89.10000000000001,34680.6
2579,1,0,34680.6
2580,2,0,34680.6
2581,3,0,34680.6
2582,4,0,34680.6
2583,5,0,34680.6
2584,6,0,34680.6
2585,6,0,34680.6
2610,1,38.7,34719.299999999996
2611,2,75.60000000000001,34794.899999999994
2612,3,118.80000000000001,34913.7
2613,4,153.9,35067.6
2614,5,183.3,35250.9
2615,6,183.3,35434.200000000004
2616,6,183.3,35617.50000000001
2641,1,9.0,35626.50000000001
2642,2,9.0,35635.50000000001
2643,3,9.0,35644.50000000001
2644,4,18.0,35662.50000000001
2645,5,31.799999999999997,35694.30000000001
2646,6,76.79999999999998,35771.10000000001
2647,6,115.49999999999999,35886.60000000001
2672,1,8.100000000000001,35894.70000000001
2673,2,32.4,35927.10000000001
2674,3,54.0,35981.10000000001
2675,4,62.1,36043.20000000001
2676,5,83.7,36126.90000000001
2677,6,99.9,36226.80000000001
2678,6,118.80000000000001,36345.60000000001
2703,1,30.600000000000005,36376.20000000001
2704,2,37.800000000000004,36414.000000000015
2705,3,59.400000000000006,36473.400000000016
2706,4,75.60000000000001,36549.000000000015
2707,5,97.20000000000002,36646.20000000001
2708,6,106.20000000000002,36752.40000000001
2709,6,120.60000000000002,36873.00000000001
2734,1,0,36873.00000000001
2735,2,0,36873.00000000001
2736,3,0,36873.00000000001
2737,4,27.9,36900.90000000001
2738,5,49.5,36950.40000000001
2739,6,85.5,37035.90000000001
2740,6,109.8,37145.70000000001
2765,1,17.099999999999998,37162.80000000001
2766,2,46.8,37209.60000000001
2767,3,68.39999999999999,37278.000000000015
2768,4,68.39999999999999,37346.400000000016
2769,5,68.39999999999999,37414.80000000002
2770,6,68.39999999999999,37483.20000000002
2771,6,68.39999999999999,37551.60000000002
2796,1,30.600000000000005,37582.20000000002
2797,2,37.800000000000004,37620.00000000002
2798,3,59.400000000000006,37679.40000000002
2799,4,75.60000000000001,37755.00000000002
2800,5,97.20000000000002,37852.20000000002
2801,6,106.20000000000002,37958.400000000016
2802,6,120.60000000000002,38079.000000000015
2827,1,8.100000000000001,38087.10000000001
2828,2,32.4,38119.500000000015
2829,3,54.0,38173.500000000015
2830,4,62.1,38235.60000000001
2831,5,83.7,38319.30000000001
2832,6,99.9,38419.20000000001
2833,6,118.80000000000001,38538.000000000015
2858,1,9.0,38547.000000000015
2859,2,9.0,38556.000000000015
2860,3,9.0,38565.000000000015
2861,4,18.0,38583.000000000015
2862,5,18.0,38601.000000000015
2863,6,27.0,38628.000000000015
2864,6,27.0,38655.000000000015
2889,1,38.7,38693.70000000001
2890,2,75.60000000000001,38769.30000000001
2891,3,118.80000000000001,38888.10000000001
2892,4,153.9,39042.000000000015
2893,5,183.3,39225.30000000002
2894,6,183.3,39408.60000000002
2895,6,183.3,39591.90000000002
2920,1,0,39591.90000000002
2921,2,0,39591.90000000002
2922,3,0,39591.90000000002
2923,4,0,39591.90000000002
2924,5,13.799999999999997,39605.700000000026
2925,6,49.800000000000004,39655.50000000003
2926,6,88.5,39744.00000000003
2951,1,9.0,39753.00000000003
2952,2,9.0,39762.00000000003
2953,3,30.599999999999998,39792.60000000003
2954,4,47.699999999999996,39840.300000000025
2955,5,69.3,39909.60000000003
2956,6,94.5,40004.10000000003
2957,6,113.4,40117.50000000003
2982,1,38.70000000000001,40156.200000000026
2983,2,70.20000000000002,40226.40000000002
2984,3,91.80000000000001,40318.200000000026
2985,4,108.00000000000001,40426.200000000026
2986,5,129.60000000000002,40555.800000000025
2987,6,138.60000000000002,40694.40000000002
2988,6,153.00000000000003,40847.40000000002
3013,1,0,40847.40000000002
3014,2,0,40847.40000000002
3015,3,0,40847.40000000002
3016,4,0,40847.40000000002
3017,5,0,40847.40000000002
3018,6,0,40847.40000000002
3019,6,0,40847.40000000002
3044,1,17.099999999999998,40864.50000000002
3045,2,46.8,40911.300000000025
3046,3,68.39999999999999,40979.700000000026
3047,4,96.29999999999998,41076.00000000003
3048,5,117.89999999999998,41193.90000000003
3049,6,153.89999999999998,41347.80000000003
3050,6,178.2,41526.00000000003
3075,1,30.600000000000005,41556.60000000003
3076,2,37.800000000000004,41594.40000000003
3077,3,59.400000000000006,41653.80000000003
3078,4,75.60000000000001,41729.40000000003
3079,5,97.20000000000002,41826.60000000003
3080,6,106.20000000000002,41932.800000000025
3081,6,120.60000000000002,42053.40000000002
3106,1,8.100000000000001,42061.50000000002
3107,2,32.4,42093.90000000002
3108,3,54.0,42147.90000000002
3109,4,62.1,42210.00000000002
3110,5,83.7,42293.70000000002
3111,6,99.9,42393.60000000002
3112,6,118.80000000000001,42512.40000000002
3137,1,9.0,42521.40000000002
3138,2,9.0,42530.40000000002
3139,3,9.0,42539.40000000002
3140,4,18.0,42557.40000000002
3141,5,18.0,42575.40000000002
3142,6,27.0,42602.40000000002
3143,6,27.0,42629.40000000002
3168,1,0,42629.40000000002
3169,2,36.900000000000006,42666.300000000025
3170,3,80.10000000000002,42746.40000000002
3171,4,115.20000000000002,42861.60000000002
3172,5,158.40000000000003,43020.00000000002
3173,6,183.3,43203.300000000025
3174,6,183.3,43386.60000000003
3199,1,38.7,43425.300000000025
3200,2,38.7,43464.00000000002
3201,3,38.7,43502.70000000002
3202,4,38.7,43541.400000000016
3203,5,38.7,43580.10000000001
3204,6,49.80000000000003,43629.900000000016
3205,6,88.50000000000003,43718.400000000016
3230,1,9.0,43727.400000000016
3231,2,9.0,43736.400000000016
3232,3,9.0,43745.400000000016
3233,4,18.0,43763.400000000016
3234,5,18.0,43781.400000000016
3235,6,27.0,43808.400000000016
3236,6,27.0,43835.400000000016
3261,1,8.100000000000001,43843.500000000015
3262,2,32.4,43875.900000000016
3263,3,54.0,43929.900000000016
3264,4,62.1,43992.000000000015
3265,5,105.30000000000001,44097.30000000002
3266,6,130.5,44227.80000000002
3267,6,163.8,44391.60000000002
3292,1,30.600000000000005,44422.20000000002
3293,2,37.800000000000004,44460.00000000002
3294,3,59.400000000000006,44519.40000000002
3295,4,75.60000000000001,44595.00000000002
3296,5,75.60000000000001,44670.60000000002
3297,6,75.60000000000001,44746.20000000002
3298,6,75.60000000000001,44821.80000000002
3323,1,17.099999999999998,44838.900000000016
3324,2,46.8,44885.70000000002
3325,3,68.39999999999999,44954.10000000002
3326,4,96.29999999999998,45050.40000000002
3327,5,117.89999999999998,45168.300000000025
3328,6,153.89999999999998,45322.200000000026
3329,6,178.2,45500.40000000002
3354,1,0,45500.40000000002
3355,2,0,45500.40000000002
3356,3,0,45500.40000000002
3357,4,0,45500.40000000002
3358,5,0,45500.40000000002
3359,6,0,45500.40000000002
3360,6,0,45500.40000000002
3385,1,38.70000000000001,45539.10000000002
3386,2,70.2,45609.30000000002
3387,3,113.4,45722.70000000002
3388,4,137.70000000000002,45860.400000000016
3389,5,180.90000000000003,46041.30000000002
3390,6,183.3,46224.60000000002
3391,6,183.3,46407.90000000002
3416,1,9.0,46416.90000000002
3417,2,9.0,46425.90000000002
3418,3,9.0,46434.90000000002
3419,4,18.0,46452.90000000002
3420,5,18.0,46470.90000000002
3421,6,49.800000000000026,46520.700000000026
3422,6,83.10000000000002,46603.800000000025
3447,1,0,46603.800000000025
3448,2,0,46603.800000000025
3449,3,0,46603.800000000025
3450,4,0,46603.800000000025
3451,5,0,46603.800000000025
3452,6,0,46603.800000000025
3453,6,0,46603.800000000025
3478,1,38.7,46642.50000000002
3479,2,75.60000000000001,46718.10000000002
3480,3,118.80000000000001,46836.90000000002
3481,4,153.9,46990.800000000025
3482,5,183.3,47174.10000000003
3483,6,183.3,47357.40000000003
3484,6,183.3,47540.70000000003
3509,1,9.0,47549.70000000003
3510,2,9.0,47558.70000000003
3511,3,9.0,47567.70000000003
3512,4,18.0,47585.70000000003
3513,5,31.799999999999997,47617.50000000004
3514,6,76.79999999999998,47694.30000000004
3515,6,115.49999999999999,47809.80000000004
3540,1,8.100000000000001,47817.90000000004
3541,2,32.4,47850.30000000004
3542,3,54.0,47904.30000000004
3543,4,62.1,47966.40000000004
3544,5,83.7,48050.100000000035
3545,6,99.9,48150.00000000004
3546,6,118.80000000000001,48268.80000000004
3571,1,30.600000000000005,48299.40000000004
3572,2,37.800000000000004,48337.20000000004
3573,3,59.400000000000006,48396.60000000004
3574,4,75.60000000000001,48472.20000000004
3575,5,97.20000000000002,48569.40000000004
3576,6,106.20000000000002,48675.600000000035
3577,6,120.60000000000002,48796.20000000003
3602,1,17.099999999999998,48813.30000000003
3603,2,46.8,48860.100000000035
3604,3,68.39999999999999,48928.50000000004
3605,4,96.29999999999998,49024.80000000004
3606,5,117.89999999999998,49142.70000000004
3607,6,153.89999999999998,49296.60000000004
3608,6,178.2,49474.80000000004
3633,1,0,49474.80000000004
3634,2,0,49474.80000000004
3635,3,0,49474.80000000004
3636,4,0,49474.80000000004
3637,5,0,49474.80000000004
3638,6,0,49474.80000000004
3639,6,0,49474.80000000004
3664,1,30.600000000000005,49505.40000000004
3665,2,37.800000000000004,49543.20000000004
3666,3,59.400000000000006,49602.60000000004
3667,4,75.60000000000001,49678.20000000004
3668,5,97.20000000000002,49775.40000000004
3669,6,106.20000000000002,49881.600000000035
3670,6,120.60000000000002,50002.20000000003
3695,1,8.100000000000001,50010.30000000003
3696,2,32.4,50042.70000000003
3697,3,54.0,50096.70000000003
3698,4,71.10000000000001,50167.80000000003
3699,5,92.7,50260.50000000003
3700,6,117.9,50378.40000000003
3701,6,136.8,50515.20000000003
3726,1,9.0,50524.20000000003
3727,2,9.0,50533.20000000003
3728,3,9.0,50542.20000000003
3729,4,9.0,50551.20000000003
3730,5,9.0,50560.20000000003
3731,6,9.0,50569.20000000003
3732,6,9.0,50578.20000000003
3757,1,38.7,50616.90000000003
3758,2,75.60000000000001,50692.50000000003
3759,3,118.80000000000001,50811.30000000003
3760,4,153.9,50965.20000000003
3761,5,183.3,51148.50000000004
3762,6,183.3,51331.80000000004
3763,6,183.3,51515.10000000004
3788,1,0,51515.10000000004
3789,2,0,51515.10000000004
3790,3,0,51515.10000000004
3791,4,0,51515.10000000004
3792,5,13.799999999999997,51528.900000000045
3793,6,58.79999999999999,51587.70000000005
3794,6,97.5,51685.20000000005
3819,1,17.099999999999998,51702.30000000005
3820,2,41.39999999999999,51743.70000000005
3821,3,62.999999999999986,51806.70000000005
3822,4,80.09999999999998,51886.80000000005
3823,5,101.69999999999997,51988.500000000044
3824,6,117.89999999999998,52106.400000000045
3825,6,136.79999999999998,52243.20000000005
3850,1,30.600000000000005,52273.80000000005
3851,2,37.800000000000004,52311.60000000005
3852,3,59.400000000000006,52371.00000000005
3853,4,75.60000000000001,52446.60000000005
3854,5,97.20000000000002,52543.80000000005
3855,6,106.20000000000002,52650.000000000044
3856,6,120.60000000000002,52770.60000000004
3881,1,0,52770.60000000004
3882,2,0,52770.60000000004
3883,3,0,52770.60000000004
3884,4,0,52770.60000000004
3885,5,0,52770.60000000004
3886,6,0,52770.60000000004
3887,6,0,52770.60000000004
3912,1,17.099999999999998,52787.70000000004
3913,2,46.8,52834.500000000044
3914,3,68.39999999999999,52902.900000000045
3915,4,96.29999999999998,52999.20000000005
3916,5,117.89999999999998,53117.10000000005
3917,6,153.89999999999998,53271.00000000005
3918,6,178.2,53449.20000000005
3943,1,30.600000000000005,53479.80000000005
3944,2,37.800000000000004,53517.60000000005
3945,3,59.400000000000006,53577.00000000005
3946,4,75.60000000000001,53652.60000000005
3947,5,97.20000000000002,53749.80000000005
3948,6,106.20000000000002,53856.000000000044
3949,6,120.60000000000002,53976.60000000004
3974,1,8.100000000000001,53984.70000000004
3975,2,32.4,54017.10000000004
3976,3,54.0,54071.10000000004
3977,4,62.1,54133.20000000004
3978,5,83.7,54216.90000000004
3979,6,99.9,54316.80000000004
3980,6,118.80000000000001,54435.60000000004
4005,1,9.0,54444.60000000004
4006,2,9.0,54453.60000000004
4007,3,9.0,54462.60000000004
4008,4,18.0,54480.60000000004
4009,5,18.0,54498.60000000004
4010,6,27.0,54525.60000000004
4011,6,27.0,54552.60000000004
4036,1,38.7,54591.30000000004
4037,2,75.60000000000001,54666.90000000004
4038,3,118.80000000000001,54785.70000000004
4039,4,153.9,54939.60000000004
4040,5,183.3,55122.900000000045
4041,6,183.3,55306.20000000005
4042,6,183.3,55489.50000000005
4067,1,0,55489.50000000005
4068,2,0,55489.50000000005
4069,3,0,55489.50000000005
4070,4,0,55489.50000000005
4071,5,13.799999999999997,55503.300000000054
4072,6,49.800000000000004,55553.10000000006
4073,6,88.5,55641.60000000006
4098,1,9.0,55650.60000000006
4099,2,9.0,55659.60000000006
4100,3,9.0,55668.60000000006
4101,4,18.0,55686.60000000006
4102,5,18.0,55704.60000000006
4103,6,27.0,55731.60000000006
4104,6,27.0,55758.60000000006
4129,1,38.70000000000001,55797.300000000054
4130,2,70.20000000000002,55867.50000000005
4131,3,113.40000000000002,55980.90000000005
4132,4,137.70000000000002,56118.60000000005
4133,5,180.90000000000003,56299.50000000005
4134,6,183.3,56482.800000000054
4135,6,183.3,56666.10000000006
4160,1,0,56666.10000000006
4161,2,0,56666.10000000006
4162,3,0,56666.10000000006
4163,4,0,56666.10000000006
4164,5,0,56666.10000000006
4165,6,22.800000000000026,56688.90000000006
4166,6,56.10000000000003,56745.00000000006
4191,1,17.099999999999998,56762.10000000006
4192,2,46.8,56808.90000000006
4193,3,68.39999999999999,56877.30000000006
4194,4,96.29999999999998,56973.600000000064
4195,5,117.89999999999998,57091.500000000065
4196,6,153.89999999999998,57245.40000000007
4197,6,178.2,57423.600000000064
4222,1,0,57423.600000000064
4223,2,0,57423.600000000064
4224,3,0,57423.600000000064
4225,4,16.200000000000003,57439.80000000006
4226,5,37.800000000000004,57477.600000000064
4227,6,46.800000000000004,57524.40000000007
4228,6,61.2,57585.600000000064
4253,1,38.70000000000001,57624.30000000006
4254,2,70.2,57694.50000000006
4255,3,113.4,57807.90000000006
4256,4,121.5,57929.40000000006
4257,5,143.1,58072.50000000006
4258,6,159.29999999999998,58231.80000000006
4259,6,178.2,58410.00000000006
4284,1,9.0,58419.00000000006
4285,2,9.0,58428.00000000006
4286,3,9.0,58437.00000000006
4287,4,18.0,58455.00000000006
4288,5,18.0,58473.00000000006
4289,6,27.0,58500.00000000006
4290,6,27.0,58527.00000000006
4315,1,0,58527.00000000006
4316,2,0,58527.00000000006
4317,3,0,58527.00000000006
4318,4,0,58527.00000000006
4319,5,0,58527.00000000006
4320,6,0,58527.00000000006
4321,6,38.7,58565.700000000055
4346,1,38.7,58604.40000000005
4347,2,75.60000000000001,58680.00000000005
4348,3,118.80000000000001,58798.800000000054
4349,4,153.9,58952.700000000055
4350,5,183.3,59136.00000000006
4351,6,183.3,59319.30000000006
4352,6,183.3,59502.600000000064
4377,1,9.0,59511.600000000064
4378,2,9.0,59520.600000000064
4379,3,9.0,59529.600000000064
4380,4,18.0,59547.600000000064
4381,5,31.799999999999997,59579.40000000007
4382,6,76.79999999999998,59656.20000000007
4383,6,76.79999999999998,59733.00000000007
4408,1,8.100000000000001,59741.10000000007
4409,2,32.4,59773.50000000007
4410,3,54.0,59827.50000000007
4411,4,62.1,59889.60000000007
4412,5,83.7,59973.30000000007
4413,6,99.9,60073.20000000007
4414,6,118.80000000000001,60192.00000000007
4439,1,30.600000000000005,60222.60000000007
4440,2,37.800000000000004,60260.400000000074
4441,3,59.400000000000006,60319.800000000076
4442,4,75.60000000000001,60395.400000000074
4443,5,97.20000000000002,60492.60000000007
4444,6,106.20000000000002,60598.80000000007
4445,6,120.60000000000002,60719.40000000007
4470,1,17.099999999999998,60736.500000000065
4471,2,46.8,60783.30000000007
4472,3,68.39999999999999,60851.70000000007
4473,4,96.29999999999998,60948.00000000007
4474,5,117.89999999999998,61065.900000000074
4475,6,153.89999999999998,61219.800000000076
4476,6,178.2,61398.00000000007
4501,1,0,61398.00000000007
4502,2,0,61398.00000000007
4503,3,0,61398.00000000007
4504,4,0,61398.00000000007
4505,5,0,61398.00000000007
4506,6,0,61398.00000000007
4507,6,0,61398.00000000007
4532,1,30.600000000000005,61428.60000000007
4533,2,37.800000000000004,61466.400000000074
4534,3,59.400000000000006,61525.800000000076
4535,4,75.60000000000001,61601.400000000074
4536,5,97.20000000000002,61698.60000000007
4537,6,122.4,61821.00000000007
4538,6,155.7,61976.70000000007
4563,1,17.100000000000005,61993.80000000007
4564,2,41.400000000000006,62035.20000000007
4565,3,63.0,62098.20000000007
4566,4,80.10000000000001,62178.30000000007
4567,5,101.7,62280.000000000065
4568,6,110.7,62390.70000000006
4569,6,110.7,62501.40000000006
4594,1,0,62501.40000000006
4595,2,0,62501.40000000006
4596,3,0,62501.40000000006
4597,4,0,62501.40000000006
4598,5,0,62501.40000000006
4599,6,0,62501.40000000006
4600,6,0,62501.40000000006
4625,1,38.7,62540.10000000006
4626,2,75.60000000000001,62615.700000000055
4627,3,118.80000000000001,62734.50000000006
4628,4,153.9,62888.40000000006
4629,5,183.3,63071.70000000006
4630,6,183.3,63255.000000000065
4631,6,183.3,63438.30000000007
4656,1,0,63438.30000000007
4657,2,0,63438.30000000007
4658,3,0,63438.30000000007
4659,4,9.0,63447.30000000007
4660,5,22.799999999999997,63470.10000000007
4661,6,67.79999999999998,63537.900000000074
4662,6,106.49999999999999,63644.400000000074
4687,1,17.099999999999998,63661.50000000007
4688,2,41.39999999999999,63702.900000000074
4689,3,62.999999999999986,63765.900000000074
4690,4,71.1,63837.00000000007
4691,5,92.69999999999999,63929.70000000007
4692,6,108.89999999999999,64038.60000000007
4693,6,127.79999999999998,64166.400000000074
4718,1,30.600000000000005,64197.00000000007
4719,2,37.800000000000004,64234.800000000076
4720,3,59.400000000000006,64294.20000000008
4721,4,75.60000000000001,64369.800000000076
4722,5,97.20000000000002,64467.00000000007
4723,6,106.20000000000002,64573.20000000007
4724,6,120.60000000000002,64693.80000000007
4749,1,0,64693.80000000007
4750,2,0,64693.80000000007
4751,3,0,64693.80000000007
4752,4,0,64693.80000000007
4753,5,21.599999999999998,64715.40000000007
4754,6,57.60000000000001,64773.000000000065
4755,6,81.9,64854.90000000007
4780,1,17.099999999999998,64872.000000000065
4781,2,46.8,64918.80000000007
4782,3,68.39999999999999,64987.20000000007
4783,4,96.29999999999998,65083.50000000007
4784,5,96.29999999999998,65179.800000000076
4785,6,96.29999999999998,65276.10000000008
4786,6,96.29999999999998,65372.40000000008
4811,1,30.600000000000005,65403.00000000008
4812,2,37.800000000000004,65440.80000000008
4813,3,59.400000000000006,65500.200000000084
4814,4,75.60000000000001,65575.80000000009
4815,5,97.20000000000002,65673.00000000009
4816,6,106.20000000000002,65779.20000000008
4817,6,120.60000000000002,65899.80000000009
4842,1,8.100000000000001,65907.9000000001
4843,2,32.4,65940.30000000009
4844,3,54.0,65994.30000000009
4845,4,62.1,66056.4000000001
4846,5,83.7,66140.1000000001
4847,6,99.9,66240.00000000009
4848,6,118.80000000000001,66358.80000000009
4873,1,9.0,66367.80000000009
4874,2,9.0,66376.80000000009
4875,3,9.0,66385.80000000009
4876,4,18.0,66403.80000000009
4877,5,18.0,66421.80000000009
4878,6,27.0,66448.80000000009
4879,6,27.0,66475.80000000009
4904,1,38.7,66514.50000000009
4905,2,75.60000000000001,66590.1000000001
4906,3,118.80000000000001,66708.9000000001
4907,4,153.9,66862.80000000009
4908,5,183.3,67046.1000000001
4909,6,183.3,67229.4000000001
4910,6,183.3,67412.7000000001
4935,1,0,67412.7000000001
4936,2,0,67412.7000000001
4937,3,0,67412.7000000001
4938,4,0,67412.7000000001
4939,5,13.799999999999997,67426.5000000001
4940,6,49.800000000000004,67476.3000000001
4941,6,88.5,67564.8000000001
4966,1,9.0,67573.8000000001
4967,2,9.0,67582.8000000001
4968,3,9.0,67591.8000000001
4969,4,26.099999999999998,67617.90000000011
4970,5,47.699999999999996,67665.60000000011
4971,6,72.89999999999999,67738.5000000001
4972,6,91.79999999999998,67830.3000000001
4997,1,38.70000000000001,67869.0000000001
4998,2,70.20000000000002,67939.2000000001
4999,3,113.40000000000002,68052.6000000001
5000,4,129.60000000000002,68182.2000000001
5001,5,151.20000000000002,68333.4000000001
5002,6,160.20000000000002,68493.6000000001
5003,6,174.60000000000002,68668.2000000001
5028,1,0,68668.2000000001
5029,2,0,68668.2000000001
5030,3,0,68668.2000000001
5031,4,0,68668.2000000001
5032,5,0,68668.2000000001
5033,6,0,68668.2000000001
5034,6,0,68668.2000000001
5059,1,17.099999999999998,68685.3000000001
5060,2,46.8,68732.10000000011
5061,3,68.39999999999999,68800.5000000001
5062,4,96.29999999999998,68896.8000000001
5063,5,117.89999999999998,69014.7000000001
5064,6,153.89999999999998,69168.6000000001
5065,6,178.2,69346.80000000009
5090,1,30.600000000000005,69377.4000000001
5091,2,37.800000000000004,69415.2000000001
5092,3,59.400000000000006,69474.6000000001
5093,4,75.60000000000001,69550.2000000001
5094,5,97.20000000000002,69647.4000000001
5095,6,106.20000000000002,69753.6000000001
5096,6,120.60000000000002,69874.2000000001
5121,1,8.100000000000001,69882.3000000001
5122,2,32.4,69914.7000000001
5123,3,54.0,69968.7000000001
5124,4,62.1,70030.8000000001
5125,5,83.7,70114.5000000001
5126,6,99.9,70214.4000000001
5127,6,118.80000000000001,70333.2000000001
5152,1,9.0,70342.2000000001
5153,2,9.0,70351.2000000001
5154,3,9.0,70360.2000000001
5155,4,18.0,70378.2000000001
5156,5,18.0,70396.2000000001
5157,6,27.0,70423.2000000001
5158,6,27.0,70450.2000000001
5183,1,0,70450.2000000001
5184,2,0,70450.2000000001
5185,3,43.20000000000001,70493.4000000001
5186,4,78.30000000000001,70571.7000000001
5187,5,121.50000000000001,70693.2000000001
5188,6,157.50000000000003,70850.7000000001
5189,6,183.3,71034.0000000001
5214,1,38.7,71072.7000000001
5215,2,75.60000000000001,71148.3000000001
5216,3,75.60000000000001,71223.90000000011
5217,4,75.60000000000001,71299.50000000012
5218,5,75.60000000000001,71375.10000000012
5219,6,75.60000000000001,71450.70000000013
5220,6,88.50000000000003,71539.20000000013
5245,1,9.0,71548.20000000013
5246,2,9.0,71557.20000000013
5247,3,9.0,71566.20000000013
5248,4,18.0,71584.20000000013
5249,5,18.0,71602.20000000013
5250,6,27.0,71629.20000000013
5251,6,27.0,71656.20000000013
5276,1,8.100000000000001,71664.30000000013
5277,2,32.4,71696.70000000013
5278,3,54.0,71750.70000000013
5279,4,62.1,71812.80000000013
5280,5,83.7,71896.50000000013
5281,6,108.9,72005.40000000013
5282,6,142.20000000000002,72147.60000000012
5307,1,30.600000000000005,72178.20000000013
5308,2,37.800000000000004,72216.00000000013
5309,3,59.400000000000006,72275.40000000013
5310,4,75.60000000000001,72351.00000000013
5311,5,97.20000000000002,72448.20000000013
5312,6,97.20000000000002,72545.40000000013
5313,6,97.20000000000002,72642.60000000012
5338,1,17.099999999999998,72659.70000000013
5339,2,46.8,72706.50000000013
5340,3,68.39999999999999,72774.90000000013
5341,4,96.29999999999998,72871.20000000013
5342,5,117.89999999999998,72989.10000000012
5343,6,153.89999999999998,73143.00000000012
5344,6,178.2,73321.20000000011
5369,1,0,73321.20000000011
5370,2,0,73321.20000000011
5371,3,0,73321.20000000011
5372,4,0,73321.20000000011
5373,5,0,73321.20000000011
5374,6,0,73321.20000000011
5375,6,0,73321.20000000011
5400,1,30.600000000000005,73351.80000000012
5401,2,62.1,73413.90000000013
5402,3,105.30000000000001,73519.20000000013
5403,4,129.60000000000002,73648.80000000013
5404,5,172.80000000000004,73821.60000000014
5405,6,183.3,74004.90000000014
5406,6,183.3,74188.20000000014
5431,1,17.100000000000005,74205.30000000015
5432,2,17.100000000000005,74222.40000000015
5433,3,17.100000000000005,74239.50000000016
5434,4,26.100000000000005,74265.60000000017
5435,5,26.100000000000005,74291.70000000017
5436,6,49.80000000000003,74341.50000000017
5437,6,83.10000000000002,74424.60000000018
5462,1,0,74424.60000000018
5463,2,0,74424.60000000018
5464,3,0,74424.60000000018
5465,4,0,74424.60000000018
5466,5,0,74424.60000000018
5467,6,0,74424.60000000018
5468,6,0,74424.60000000018
5493,1,38.7,74463.30000000018
5494,2,75.60000000000001,74538.90000000018
5495,3,118.80000000000001,74657.70000000019
5496,4,153.9,74811.60000000018
5497,5,183.3,74994.90000000018
5498,6,183.3,75178.20000000019
5499,6,183.3,75361.50000000019
5524,1,9.0,75370.50000000019
5525,2,9.0,75379.50000000019
5526,3,9.0,75388.50000000019
5527,4,18.0,75406.50000000019
5528,5,31.799999999999997,75438.30000000019
5529,6,76.79999999999998,75515.1000000002
5530,6,115.49999999999999,75630.6000000002
5555,1,8.100000000000001,75638.7000000002
5556,2,32.4,75671.1000000002
5557,3,54.0,75725.1000000002
5558,4,62.1,75787.2000000002
5559,5,83.7,75870.9000000002
5560,6,99.9,75970.80000000019
5561,6,118.80000000000001,76089.6000000002
5586,1,30.600000000000005,76120.2000000002
5587,2,37.800000000000004,76158.0000000002
5588,3,59.400000000000006,76217.4000000002
5589,4,75.60000000000001,76293.0000000002
5590,5,97.20000000000002,76390.2000000002
5591,6,106.20000000000002,76496.4000000002
5592,6,120.60000000000002,76617.0000000002
5617,1,17.099999999999998,76634.10000000021
5618,2,46.8,76680.90000000021
5619,3,68.39999999999999,76749.3000000002
5620,4,96.29999999999998,76845.60000000021
5621,5,117.89999999999998,76963.5000000002
5622,6,153.89999999999998,77117.4000000002
5623,6,178.2,77295.6000000002
5648,1,0,77295.6000000002
5649,2,0,77295.6000000002
5650,3,0,77295.6000000002
5651,4,0,77295.6000000002
5652,5,0,77295.6000000002
5653,6,0,77295.6000000002
5654,6,0,77295.6000000002
5679,1,30.600000000000005,77326.2000000002
5680,2,37.800000000000004,77364.0000000002
5681,3,59.400000000000006,77423.4000000002
5682,4,75.60000000000001,77499.0000000002
5683,5,97.20000000000002,77596.2000000002
5684,6,106.20000000000002,77702.4000000002
5685,6,120.60000000000002,77823.0000000002
5710,1,8.100000000000001,77831.10000000021
5711,2,32.4,77863.5000000002
5712,3,54.0,77917.5000000002
5713,4,71.10000000000001,77988.60000000021
5714,5,92.7,78081.3000000002
5715,6,117.9,78199.2000000002
5716,6,136.8,78336.0000000002
5741,1,9.0,78345.0000000002
5742,2,9.0,78354.0000000002
5743,3,9.0,78363.0000000002
5744,4,9.0,78372.0000000002
5745,5,9.0,78381.0000000002
5746,6,9.0,78390.0000000002
5747,6,9.0,78399.0000000002
5772,1,38.7,78437.7000000002
5773,2,75.60000000000001,78513.3000000002
5774,3,118.80000000000001,78632.10000000021
5775,4,153.9,78786.0000000002
5776,5,183.3,78969.3000000002
5777,6,183.3,79152.60000000021
5778,6,183.3,79335.90000000021
5803,1,0,79335.90000000021
5804,2,0,79335.90000000021
5805,3,0,79335.90000000021
5806,4,0,79335.90000000021
5807,5,13.799999999999997,79349.70000000022
5808,6,49.800000000000004,79399.50000000022
5809,6,88.5,79488.00000000022
5834,1,17.099999999999998,79505.10000000022
5835,2,41.39999999999999,79546.50000000022
5836,3,62.999999999999986,79609.50000000022
5837,4,80.09999999999998,79689.60000000022
5838,5,101.69999999999997,79791.30000000022
5839,6,126.89999999999998,79918.20000000022
5840,6,145.79999999999998,80064.00000000022
5865,1,30.600000000000005,80094.60000000022
5866,2,37.800000000000004,80132.40000000023
5867,3,59.400000000000006,80191.80000000022
5868,4,75.60000000000001,80267.40000000023
5869,5,97.20000000000002,80364.60000000022
5870,6,106.20000000000002,80470.80000000022
5871,6,120.60000000000002,80591.40000000023
5896,1,0,80591.40000000023
5897,2,0,80591.40000000023
5898,3,0,80591.40000000023
5899,4,0,80591.40000000023
5900,5,0,80591.40000000023
5901,6,0,80591.40000000023
5902,6,0,80591.40000000023
5927,1,17.099999999999998,80608.50000000023
5928,2,46.8,80655.30000000024
5929,3,68.39999999999999,80723.70000000023
5930,4,96.29999999999998,80820.00000000023
5931,5,117.89999999999998,80937.90000000023
5932,6,153.89999999999998,81091.80000000022
5933,6,178.2,81270.00000000022
5958,1,30.600000000000005,81300.60000000022
5959,2,37.800000000000004,81338.40000000023
5960,3,59.400000000000006,81397.80000000022
5961,4,75.60000000000001,81473.40000000023
5962,5,97.20000000000002,81570.60000000022
5963,6,106.20000000000002,81676.80000000022
5964,6,120.60000000000002,81797.40000000023
5989,1,8.100000000000001,81805.50000000023
5990,2,32.4,81837.90000000023
5991,3,54.0,81891.90000000023
5992,4,62.1,81954.00000000023
5993,5,83.7,82037.70000000023
5994,6,99.9,82137.60000000022
5995,6,118.80000000000001,82256.40000000023
6020,1,9.0,82265.40000000023
6021,2,9.0,82274.40000000023
6022,3,9.0,82283.40000000023
6023,4,18.0,82301.40000000023
6024,5,18.0,82319.40000000023
6025,6,27.0,82346.40000000023
6026,6,27.0,82373.40000000023
6051,1,38.7,82412.10000000022
6052,2,75.60000000000001,82487.70000000023
6053,3,118.80000000000001,82606.50000000023
6054,4,153.9,82760.40000000023
6055,5,183.3,82943.70000000023
6056,6,183.3,83127.00000000023
6057,6,183.3,83310.30000000024
6082,1,0,83310.30000000024
6083,2,0,83310.30000000024
6084,3,0,83310.30000000024
6085,4,0,83310.30000000024
6086,5,13.799999999999997,83324.10000000024
6087,6,49.800000000000004,83373.90000000024
6088,6,88.5,83462.40000000024
6113,1,9.0,83471.40000000024
6114,2,9.0,83480.40000000024
6115,3,9.0,83489.40000000024
6116,4,18.0,83507.40000000024
6117,5,18.0,83525.40000000024
6118,6,27.0,83552.40000000024
6119,6,27.0,83579.40000000024
6144,1,8.100000000000001,83587.50000000025
6145,2,39.6,83627.10000000025
6146,3,82.80000000000001,83709.90000000026
6147,4,107.10000000000002,83817.00000000026
6148,5,150.3,83967.30000000026
6149,6,175.5,84142.80000000026
6150,6,183.3,84326.10000000027
6175,1,30.600000000000005,84356.70000000027
6176,2,30.600000000000005,84387.30000000028
6177,3,30.600000000000005,84417.90000000029
6178,4,30.600000000000005,84448.50000000029
6179,5,30.600000000000005,84479.1000000003
6180,6,30.600000000000005,84509.7000000003
6181,6,56.099999999999994,84565.80000000031
6206,1,17.099999999999998,84582.90000000031
6207,2,46.8,84629.70000000032
6208,3,68.39999999999999,84698.10000000031
6209,4,96.29999999999998,84794.40000000031
6210,5,117.89999999999998,84912.30000000031
6211,6,153.89999999999998,85066.2000000003
6212,6,178.2,85244.4000000003
6237,1,0,85244.4000000003
6238,2,0,85244.4000000003
6239,3,0,85244.4000000003
6240,4,0,85244.4000000003
6241,5,21.6,85266.0000000003
6242,6,30.6,85296.60000000031
6243,6,45.0,85341.60000000031
6268,1,38.70000000000001,85380.30000000031
6269,2,70.2,85450.5000000003
6270,3,113.4,85563.9000000003
6271,4,137.70000000000002,85701.6000000003
6272,5,159.3,85860.9000000003
6273,6,175.5,86036.4000000003
6274,6,183.3,86219.7000000003
6299,1,9.0,86228.7000000003
6300,2,9.0,86237.7000000003
6301,3,9.0,86246.7000000003
6302,4,18.0,86264.7000000003
6303,5,18.0,86282.7000000003
6304,6,27.0,86309.7000000003
6305,6,38.09999999999999,86347.80000000031
6330,1,0,86347.80000000031
6331,2,0,86347.80000000031
6332,3,0,86347.80000000031
6333,4,0,86347.80000000031
6334,5,0,86347.80000000031
6335,6,0,86347.80000000031
6336,6,0,86347.80000000031
6361,1,38.7,86386.5000000003
6362,2,75.60000000000001,86462.10000000031
6363,3,118.80000000000001,86580.90000000031
6364,4,153.9,86734.80000000031
6365,5,183.3,86918.10000000031
6366,6,183.3,87101.40000000031
6367,6,183.3,87284.70000000032
6392,1,9.0,87293.70000000032
6393,2,9.0,87302.70000000032
6394,3,9.0,87311.70000000032
6395,4,18.0,87329.70000000032
6396,5,31.799999999999997,87361.50000000032
6397,6,76.79999999999998,87438.30000000032
6398,6,115.49999999999999,87553.80000000032
6423,1,8.100000000000001,87561.90000000033
6424,2,32.4,87594.30000000032
6425,3,54.0,87648.30000000032
6426,4,62.1,87710.40000000033
6427,5,83.7,87794.10000000033
6428,6,99.9,87894.00000000032
6429,6,118.80000000000001,88012.80000000032
6454,1,30.600000000000005,88043.40000000033
6455,2,37.800000000000004,88081.20000000033
6456,3,59.400000000000006,88140.60000000033
6457,4,75.60000000000001,88216.20000000033
6458,5,97.20000000000002,88313.40000000033
6459,6,106.20000000000002,88419.60000000033
6460,6,120.60000000000002,88540.20000000033
6485,1,17.099999999999998,88557.30000000034
6486,2,46.8,88604.10000000034
6487,3,68.39999999999999,88672.50000000033
6488,4,96.29999999999998,88768.80000000034
6489,5,117.89999999999998,88886.70000000033
6490,6,153.89999999999998,89040.60000000033
6491,6,178.2,89218.80000000032
6516,1,0,89218.80000000032
6517,2,0,89218.80000000032
6518,3,0,89218.80000000032
6519,4,0,89218.80000000032
6520,5,0,89218.80000000032
6521,6,0,89218.80000000032
6522,6,0,89218.80000000032
6547,1,30.600000000000005,89249.40000000033
6548,2,37.800000000000004,89287.20000000033
6549,3,59.400000000000006,89346.60000000033
6550,4,75.60000000000001,89422.20000000033
6551,5,97.20000000000002,89519.40000000033
6552,6,106.20000000000002,89625.60000000033
6553,6,139.5,89765.10000000033
6578,1,17.100000000000005,89782.20000000033
6579,2,41.400000000000006,89823.60000000033
6580,3,63.0,89886.60000000033
6581,4,80.10000000000001,89966.70000000033
6582,5,101.7,90068.40000000033
6583,6,126.9,90195.30000000032
6584,6,126.9,90322.20000000032
6609,1,0,90322.20000000032
6610,2,0,90322.20000000032
6611,3,0,90322.20000000032
6612,4,0,90322.20000000032
6613,5,0,90322.20000000032
6614,6,0,90322.20000000032
6615,6,0,90322.20000000032
6640,1,38.7,90360.90000000031
6641,2,75.60000000000001,90436.50000000032
6642,3,118.80000000000001,90555.30000000032
6643,4,153.9,90709.20000000032
6644,5,183.3,90892.50000000032
6645,6,183.3,91075.80000000032
6646,6,183.3,91259.10000000033
6671,1,0,91259.10000000033
6672,2,0,91259.10000000033
6673,3,0,91259.10000000033
6674,4,9.0,91268.10000000033
6675,5,22.799999999999997,91290.90000000033
6676,6,67.79999999999998,91358.70000000033
6677,6,106.49999999999999,91465.20000000033
6702,1,17.099999999999998,91482.30000000034
6703,2,41.39999999999999,91523.70000000033
6704,3,62.999999999999986,91586.70000000033
6705,4,71.1,91657.80000000034
6706,5,92.69999999999999,91750.50000000033
6707,6,108.89999999999999,91859.40000000033
6708,6,127.79999999999998,91987.20000000033
6733,1,30.600000000000005,92017.80000000034
6734,2,37.800000000000004,92055.60000000034
6735,3,59.400000000000006,92115.00000000033
6736,4,75.60000000000001,92190.60000000034
6737,5,97.20000000000002,92287.80000000034
6738,6,106.20000000000002,92394.00000000033
6739,6,120.60000000000002,92514.60000000034
6764,1,0,92514.60000000034
6765,2,0,92514.60000000034
6766,3,0,92514.60000000034
6767,4,0,92514.60000000034
6768,5,0,92514.60000000034
6769,6,36.00000000000001,92550.60000000034
6770,6,60.300000000000004,92610.90000000034
6795,1,17.099999999999998,92628.00000000035
6796,2,46.8,92674.80000000035
6797,3,68.39999999999999,92743.20000000035
6798,4,96.29999999999998,92839.50000000035
6799,5,117.89999999999998,92957.40000000034
6800,6,117.89999999999998,93075.30000000034
6801,6,117.89999999999998,93193.20000000033
6826,1,30.600000000000005,93223.80000000034
6827,2,37.800000000000004,93261.60000000034
6828,3,59.400000000000006,93321.00000000033
6829,4,75.60000000000001,93396.60000000034
6830,5,97.20000000000002,93493.80000000034
6831,6,106.20000000000002,93600.00000000033
6832,6,120.60000000000002,93720.60000000034
6857,1,8.100000000000001,93728.70000000035
6858,2,32.4,93761.10000000034
6859,3,54.0,93815.10000000034
6860,4,62.1,93877.20000000035
6861,5,83.7,93960.90000000034
6862,6,99.9,94060.80000000034
6863,6,118.80000000000001,94179.60000000034
6888,1,9.0,94188.60000000034
6889,2,9.0,94197.60000000034
6890,3,9.0,94206.60000000034
6891,4,18.0,94224.60000000034
6892,5,18.0,94242.60000000034
6893,6,27.0,94269.60000000034
6894,6,27.0,94296.60000000034
6919,1,38.7,94335.30000000034
6920,2,75.60000000000001,94410.90000000034
6921,3,118.80000000000001,94529.70000000035
6922,4,153.9,94683.60000000034
6923,5,183.3,94866.90000000034
6924,6,183.3,95050.20000000035
6925,6,183.3,95233.50000000035
6950,1,0,95233.50000000035
6951,2,0,95233.50000000035
6952,3,0,95233.50000000035
6953,4,0,95233.50000000035
6954,5,13.799999999999997,95247.30000000035
6955,6,49.800000000000004,95297.10000000036
6956,6,88.5,95385.60000000036
6981,1,9.0,95394.60000000036
6982,2,9.0,95403.60000000036
6983,3,9.0,95412.60000000036
6984,4,18.0,95430.60000000036
6985,5,39.599999999999994,95470.20000000036
6986,6,64.79999999999998,95535.00000000036
6987,6,83.69999999999999,95618.70000000036
7012,1,38.70000000000001,95657.40000000036
7013,2,70.20000000000002,95727.60000000036
7014,3,113.40000000000002,95841.00000000035
7015,4,137.70000000000002,95978.70000000035
7016,5,159.3,96138.00000000035
7017,6,168.3,96306.30000000035
7018,6,182.70000000000002,96489.00000000035
7043,1,0,96489.00000000035
7044,2,0,96489.00000000035
7045,3,0,96489.00000000035
7046,4,0,96489.00000000035
7047,5,0,96489.00000000035
7048,6,0,96489.00000000035
7049,6,0,96489.00000000035
7074,1,17.099999999999998,96506.10000000036
7075,2,46.8,96552.90000000036
7076,3,68.39999999999999,96621.30000000035
7077,4,96.29999999999998,96717.60000000036
7078,5,117.89999999999998,96835.50000000035
7079,6,153.89999999999998,96989.40000000034
7080,6,178.2,97167.60000000034
7105,1,30.600000000000005,97198.20000000035
7106,2,37.800000000000004,97236.00000000035
7107,3,59.400000000000006,97295.40000000034
7108,4,75.60000000000001,97371.00000000035
7109,5,97.20000000000002,97468.20000000035
7110,6,106.20000000000002,97574.40000000034
7111,6,120.60000000000002,97695.00000000035
7136,1,8.100000000000001,97703.10000000036
7137,2,32.4,97735.50000000035
7138,3,54.0,97789.50000000035
7139,4,62.1,97851.60000000036
7140,5,83.7,97935.30000000035
7141,6,99.9,98035.20000000035
7142,6,118.80000000000001,98154.00000000035
7167,1,9.0,98163.00000000035
7168,2,9.0,98172.00000000035
7169,3,9.0,98181.00000000035
7170,4,18.0,98199.00000000035
7171,5,18.0,98217.00000000035
7172,6,27.0,98244.00000000035
7173,6,27.0,98271.00000000035
7198,1,0,98271.00000000035
7199,2,0,98271.00000000035
7200,3,0,98271.00000000035
7201,4,35.1,98306.10000000036
7202,5,78.30000000000001,98384.40000000036
7203,6,114.30000000000001,98498.70000000036
7204,6,153.0,98651.70000000036
7229,1,38.7,98690.40000000036
7230,2,75.60000000000001,98766.00000000036
7231,3,118.80000000000001,98884.80000000037
7232,4,118.80000000000001,99003.60000000037
7233,5,118.80000000000001,99122.40000000037
7234,6,118.80000000000001,99241.20000000038
7235,6,118.80000000000001,99360.00000000038
7260,1,9.0,99369.00000000038
7261,2,9.0,99378.00000000038
7262,3,9.0,99387.00000000038
7263,4,18.0,99405.00000000038
7264,5,18.0,99423.00000000038
7265,6,27.0,99450.00000000038
7266,6,27.0,99477.00000000038
7291,1,8.100000000000001,99485.10000000038
7292,2,32.4,99517.50000000038
7293,3,54.0,99571.50000000038
7294,4,62.1,99633.60000000038
7295,5,83.7,99717.30000000038
7296,6,99.9,99817.20000000038
7297,6,133.20000000000002,99950.40000000037
7322,1,30.600000000000005,99981.00000000038
7323,2,37.800000000000004,100018.80000000038
7324,3,59.400000000000006,100078.20000000038
7325,4,75.60000000000001,100153.80000000038
7326,5,97.20000000000002,100251.00000000038
7327,6,106.20000000000002,100357.20000000038
7328,6,106.20000000000002,100463.40000000037
7353,1,17.099999999999998,100480.50000000038
7354,2,46.8,100527.30000000038
7355,3,68.39999999999999,100595.70000000038
7356,4,96.29999999999998,100692.00000000038
7357,5,117.89999999999998,100809.90000000037
7358,6,153.89999999999998,100963.80000000037
7359,6,178.2,101142.00000000036
7384,1,0,101142.00000000036
7385,2,0,101142.00000000036
7386,3,0,101142.00000000036
7387,4,0,101142.00000000036
7388,5,0,101142.00000000036
7389,6,0,101142.00000000036
7390,6,0,101142.00000000036
7415,1,30.600000000000005,101172.60000000037
7416,2,37.800000000000004,101210.40000000037
7417,3,81.00000000000001,101291.40000000037
7418,4,105.30000000000001,101396.70000000038
7419,5,148.50000000000003,101545.20000000038
7420,6,173.70000000000002,101718.90000000037
7421,6,183.3,101902.20000000038
7446,1,17.100000000000005,101919.30000000038
7447,2,41.400000000000006,101960.70000000038
7448,3,41.400000000000006,102002.10000000037
7449,4,50.400000000000006,102052.50000000036
7450,5,50.400000000000006,102102.90000000036
7451,6,59.400000000000006,102162.30000000035
7452,6,83.10000000000001,102245.40000000036
7477,1,0,102245.40000000036
7478,2,0,102245.40000000036
7479,3,0,102245.40000000036
7480,4,0,102245.40000000036
7481,5,0,102245.40000000036
7482,6,0,102245.40000000036
7483,6,0,102245.40000000036
7508,1,38.7,102284.10000000036
7509,2,75.60000000000001,102359.70000000036
7510,3,118.80000000000001,102478.50000000036
7511,4,153.9,102632.40000000036
7512,5,183.3,102815.70000000036
7513,6,183.3,102999.00000000036
7514,6,183.3,103182.30000000037
7539,1,9.0,103191.30000000037
7540,2,9.0,103200.30000000037
7541,3,9.0,103209.30000000037
7542,4,18.0,103227.30000000037
7543,5,31.799999999999997,103259.10000000037
7544,6,76.79999999999998,103335.90000000037
7545,6,115.49999999999999,103451.40000000037
7570,1,8.100000000000001,103459.50000000038
7571,2,32.4,103491.90000000037
7572,3,54.0,103545.90000000037
7573,4,62.1,103608.00000000038
7574,5,83.7,103691.70000000038
7575,6,99.9,103791.60000000037
7576,6,118.80000000000001,103910.40000000037
7601,1,30.600000000000005,103941.00000000038
7602,2,37.800000000000004,103978.80000000038
7603,3,59.400000000000006,104038.20000000038
7604,4,75.60000000000001,104113.80000000038
7605,5,97.20000000000002,104211.00000000038
7606,6,106.20000000000002,104317.20000000038
7607,6,120.60000000000002,104437.80000000038
7632,1,0,104437.80000000038
7633,2,29.7,104467.50000000038
7634,3,51.3,104518.80000000038
7635,4,79.19999999999999,104598.00000000038
7636,5,100.79999999999998,104698.80000000038
7637,6,136.79999999999998,104835.60000000038
7638,6,161.09999999999997,104996.70000000039
7663,1,17.099999999999998,105013.8000000004
7664,2,17.099999999999998,105030.9000000004
7665,3,17.099999999999998,105048.00000000041
7666,4,17.099999999999998,105065.10000000041
7667,5,17.099999999999998,105082.20000000042
7668,6,17.099999999999998,105099.30000000042
7669,6,17.099999999999998,105116.40000000043
7694,1,30.600000000000005,105147.00000000044
7695,2,37.800000000000004,105184.80000000044
7696,3,59.400000000000006,105244.20000000043
7697,4,75.60000000000001,105319.80000000044
7698,5,97.20000000000002,105417.00000000044
7699,6,106.20000000000002,105523.20000000043
7700,6,120.60000000000002,105643.80000000044
7725,1,8.100000000000001,105651.90000000045
7726,2,32.4,105684.30000000044
7727,3,54.0,105738.30000000044
7728,4,62.1,105800.40000000045
7729,5,83.7,105884.10000000044
7730,6,108.9,105993.00000000044
7731,6,127.80000000000001,106120.80000000044
7756,1,9.0,106129.80000000044
7757,2,9.0,106138.80000000044
7758,3,9.0,106147.80000000044
7759,4,18.0,106165.80000000044
7760,5,18.0,106183.80000000044
7761,6,18.0,106201.80000000044
7762,6,18.0,106219.80000000044
7787,1,38.7,106258.50000000044
7788,2,75.60000000000001,106334.10000000044
7789,3,118.80000000000001,106452.90000000045
7790,4,153.9,106606.80000000044
7791,5,183.3,106790.10000000044
7792,6,183.3,106973.40000000045
7793,6,183.3,107156.70000000045
7818,1,0,107156.70000000045
7819,2,0,107156.70000000045
7820,3,0,107156.70000000045
7821,4,0,107156.70000000045
7822,5,13.799999999999997,107170.50000000045
7823,6,49.800000000000004,107220.30000000045
7824,6,88.5,107308.80000000045
7849,1,17.099999999999998,107325.90000000046
7850,2,41.39999999999999,107367.30000000045
7851,3,62.999999999999986,107430.30000000045
7852,4,80.09999999999998,107510.40000000046
7853,5,101.69999999999997,107612.10000000046
7854,6,126.89999999999998,107739.00000000045
7855,6,145.79999999999998,107884.80000000045
7880,1,30.600000000000005,107915.40000000046
7881,2,37.800000000000004,107953.20000000046
7882,3,59.400000000000006,108012.60000000046
7883,4,75.60000000000001,108088.20000000046
7884,5,97.20000000000002,108185.40000000046
7885,6,106.20000000000002,108291.60000000046
7886,6,120.60000000000002,108412.20000000046
7911,1,0,108412.20000000046
7912,2,0,108412.20000000046
7913,3,0,108412.20000000046
7914,4,0,108412.20000000046
7915,5,0,108412.20000000046
7916,6,0,108412.20000000046
7917,6,0,108412.20000000046
7942,1,17.099999999999998,108429.30000000047
7943,2,46.8,108476.10000000047
7944,3,68.39999999999999,108544.50000000047
7945,4,96.29999999999998,108640.80000000047
7946,5,117.89999999999998,108758.70000000046
7947,6,153.89999999999998,108912.60000000046
7948,6,178.2,109090.80000000045
7973,1,30.600000000000005,109121.40000000046
7974,2,37.800000000000004,109159.20000000046
7975,3,59.400000000000006,109218.60000000046
7976,4,75.60000000000001,109294.20000000046
7977,5,97.20000000000002,109391.40000000046
7978,6,106.20000000000002,109497.60000000046
7979,6,120.60000000000002,109618.20000000046
8004,1,8.100000000000001,109626.30000000047
8005,2,32.4,109658.70000000046
8006,3,54.0,109712.70000000046
8007,4,62.1,109774.80000000047
8008,5,83.7,109858.50000000047
8009,6,99.9,109958.40000000046
8010,6,118.80000000000001,110077.20000000046
8035,1,9.0,110086.20000000046
8036,2,9.0,110095.20000000046
8037,3,9.0,110104.20000000046
8038,4,18.0,110122.20000000046
8039,5,18.0,110140.20000000046
8040,6,27.0,110167.20000000046
8041,6,27.0,110194.20000000046
8066,1,38.7,110232.90000000046
8067,2,75.60000000000001,110308.50000000047
8068,3,118.80000000000001,110427.30000000047
8069,4,153.9,110581.20000000046
8070,5,183.3,110764.50000000047
8071,6,183.3,110947.80000000047
8072,6,183.3,111131.10000000047
8097,1,0,111131.10000000047
8098,2,0,111131.10000000047
8099,3,0,111131.10000000047
8100,4,0,111131.10000000047
8101,5,13.799999999999997,111144.90000000047
8102,6,49.800000000000004,111194.70000000048
8103,6,88.5,111283.20000000048
8128,1,9.0,111292.20000000048
8129,2,9.0,111301.20000000048
8130,3,9.0,111310.20000000048
8131,4,18.0,111328.20000000048
8132,5,18.0,111346.20000000048
8133,6,27.0,111373.20000000048
8134,6,27.0,111400.20000000048
8159,1,8.100000000000001,111408.30000000048
8160,2,32.4,111440.70000000048
8161,3,75.6,111516.30000000048
8162,4,99.9,111616.20000000048
8163,5,143.10000000000002,111759.30000000048
8164,6,168.3,111927.60000000049
8165,6,183.3,112110.90000000049
8190,1,30.600000000000005,112141.5000000005
8191,2,37.800000000000004,112179.3000000005
8192,3,37.800000000000004,112217.1000000005
8193,4,37.800000000000004,112254.9000000005
8194,5,37.800000000000004,112292.7000000005
8195,6,37.800000000000004,112330.50000000051
8196,6,56.10000000000001,112386.60000000052
8221,1,17.099999999999998,112403.70000000052
8222,2,46.8,112450.50000000052
8223,3,68.39999999999999,112518.90000000052
8224,4,96.29999999999998,112615.20000000052
8225,5,117.89999999999998,112733.10000000052
8226,6,153.89999999999998,112887.00000000051
8227,6,178.2,113065.2000000005
8252,1,0,113065.2000000005
8253,2,0,113065.2000000005
8254,3,0,113065.2000000005
8255,4,0,113065.2000000005
8256,5,0,113065.2000000005
8257,6,9.0,113074.2000000005
8258,6,23.4,113097.6000000005
8283,1,38.70000000000001,113136.3000000005
8284,2,70.2,113206.5000000005
8285,3,113.4,113319.90000000049
8286,4,137.70000000000002,113457.60000000049
8287,5,180.90000000000003,113638.50000000048
8288,6,183.3,113821.80000000048
8289,6,183.3,114005.10000000049
8314,1,9.0,114014.10000000049
8315,2,9.0,114023.10000000049
8316,3,9.0,114032.10000000049
8317,4,18.0,114050.10000000049
8318,5,18.0,114068.10000000049
8319,6,40.800000000000026,114108.90000000049
8320,6,59.700000000000024,114168.60000000049
8345,1,0,114168.60000000049
8346,2,0,114168.60000000049
8347,3,0,114168.60000000049
8348,4,0,114168.60000000049
8349,5,0,114168.60000000049
8350,6,0,114168.60000000049
8351,6,0,114168.60000000049
8376,1,38.7,114207.30000000048
8377,2,75.60000000000001,114282.90000000049
8378,3,118.80000000000001,114401.70000000049
8379,4,153.9,114555.60000000049
8380,5,183.3,114738.90000000049
8381,6,183.3,114922.20000000049
8382,6,183.3,115105.5000000005
8407,1,9.0,115114.5000000005
8408,2,9.0,115123.5000000005
8409,3,9.0,115132.5000000005
8410,4,18.0,115150.5000000005
8411,5,31.799999999999997,115182.3000000005
8412,6,76.79999999999998,115259.1000000005
8413,6,115.49999999999999,115374.6000000005
8438,1,8.100000000000001,115382.7000000005
8439,2,32.4,115415.1000000005
8440,3,54.0,115469.1000000005
8441,4,62.1,115531.2000000005
8442,5,83.7,115614.9000000005
8443,6,99.9,115714.8000000005
8444,6,118.80000000000001,115833.6000000005
8469,1,30.600000000000005,115864.2000000005
8470,2,37.800000000000004,115902.00000000051
8471,3,59.400000000000006,115961.4000000005
8472,4,75.60000000000001,116037.00000000051
8473,5,97.20000000000002,116134.2000000005
8474,6,106.20000000000002,116240.4000000005
8475,6,120.60000000000002,116361.00000000051
8500,1,17.099999999999998,116378.10000000052
8501,2,46.8,116424.90000000052
8502,3,68.39999999999999,116493.30000000051
8503,4,96.29999999999998,116589.60000000052
8504,5,117.89999999999998,116707.50000000051
8505,6,153.89999999999998,116861.4000000005
8506,6,178.2,117039.6000000005
8531,1,0,117039.6000000005
8532,2,0,117039.6000000005
8533,3,0,117039.6000000005
8534,4,0,117039.6000000005
8535,5,0,117039.6000000005
8536,6,0,117039.6000000005
8537,6,0,117039.6000000005
8562,1,30.600000000000005,117070.2000000005
8563,2,37.800000000000004,117108.00000000051
8564,3,59.400000000000006,117167.4000000005
8565,4,75.60000000000001,117243.00000000051
8566,5,97.20000000000002,117340.2000000005
8567,6,106.20000000000002,117446.4000000005
8568,6,120.60000000000002,117567.00000000051
8593,1,17.100000000000005,117584.10000000052
8594,2,41.400000000000006,117625.50000000051
8595,3,63.0,117688.50000000051
8596,4,80.10000000000001,117768.60000000052
8597,5,101.7,117870.30000000051
8598,6,126.9,117997.2000000005
8599,6,145.8,118143.00000000051
8624,1,0,118143.00000000051
8625,2,0,118143.00000000051
8626,3,0,118143.00000000051
8627,4,0,118143.00000000051
8628,5,0,118143.00000000051
8629,6,0,118143.00000000051
8630,6,0,118143.00000000051
8655,1,38.7,118181.7000000005
8656,2,75.60000000000001,118257.30000000051
8657,3,118.80000000000001,118376.10000000052
8658,4,153.9,118530.00000000051
8659,5,183.3,118713.30000000051
8660,6,183.3,118896.60000000052
8661,6,183.3,119079.90000000052
8686,1,0,119079.90000000052
8687,2,0,119079.90000000052
8688,3,0,119079.90000000052
8689,4,9.0,119088.90000000052
8690,5,22.799999999999997,119111.70000000052
8691,6,67.79999999999998,119179.50000000052
8692,6,106.49999999999999,119286.00000000052
8717,1,17.099999999999998,119303.10000000053
8718,2,41.39999999999999,119344.50000000052
8719,3,62.999999999999986,119407.50000000052
8720,4,71.1,119478.60000000053
8721,5,92.69999999999999,119571.30000000053
8722,6,108.89999999999999,119680.20000000052
8723,6,127.79999999999998,119808.00000000052
8748,1,30.600000000000005,119838.60000000053
8749,2,37.800000000000004,119876.40000000053
8750,3,59.400000000000006,119935.80000000053
8751,4,75.60000000000001,120011.40000000053
8752,5,97.20000000000002,120108.60000000053
8753,6,106.20000000000002,120214.80000000053
8754,6,120.60000000000002,120335.40000000053
