Blue_collar,138,Student,110,
Blue_collar,128,Student,120,
Blue_collar,130,Student,109,
Blue_collar,131,Student,119,
Blue_collar,131,Student,106,
Blue_collar,143,Student,118,
Student,107,Blue_collar,134,
Blue_collar,130,Student,103,
Blue_collar,137,Student,115,
Blue_collar,134,Student,101,
Blue_collar,137,Student,109,
Blue_collar,139,Student,123,
Blue_collar,132,Student,107,
Blue_collar,139,Student,110,
Blue_collar,133,Student,107,
Blue_collar,137,Student,113,
Blue_collar,137,Student,112,
Student,116,Blue_collar,135,
Blue_collar,131,Student,100,
Blue_collar,136,Student,112,
Blue_collar,140,Student,108,
Blue_collar,131,Student,117,
Blue_collar,132,Student,115,
Student,99,Blue_collar,124,
Blue_collar,135,Student,112,
Blue_collar,136,Student,112,
Blue_collar,125,Student,106,
Blue_collar,144,Student,124,
Blue_collar,139,Student,107,
Blue_collar,137,Student,115,
