Blue_collar,133,Student,118,
Blue_collar,132,Student,115,
Blue_collar,140,Student,115,
Blue_collar,141,Student,112,
Blue_collar,126,Student,106,
Blue_collar,140,Student,123,
Student,108,Blue_collar,134,
Blue_collar,140,Student,111,
Blue_collar,140,Student,124,
Student,110,Blue_collar,137,
Blue_collar,121,Student,102,
Blue_collar,136,Student,125,
Blue_collar,130,Student,109,
Blue_collar,133,Student,108,
Blue_collar,141,Student,117,
Blue_collar,125,Student,113,
Blue_collar,129,Student,106,
Blue_collar,140,Student,117,
Blue_collar,138,Student,108,
Blue_collar,132,Student,110,
Student,106,Blue_collar,127,
Blue_collar,138,Student,111,
Blue_collar,135,Student,111,
Blue_collar,138,Student,114,
Blue_collar,134,Student,105,
Blue_collar,141,Student,114,
Blue_collar,138,Student,110,
Blue_collar,127,Student,102,
Blue_collar,128,Student,108,
Blue_collar,130,Student,119,
