Blue_collar,143,Student,123,
Blue_collar,133,Student,110,
Blue_collar,134,Student,107,
Student,94,Blue_collar,126,
Blue_collar,141,Student,109,
Blue_collar,137,Student,110,
Blue_collar,127,Student,111,
Blue_collar,124,Student,109,
Blue_collar,137,Student,114,
Blue_collar,139,Student,112,
Blue_collar,134,Student,109,
Student,103,Blue_collar,130,
Blue_collar,137,Student,115,
Blue_collar,135,Student,114,
Blue_collar,138,Student,113,
Blue_collar,115,Student,109,
Blue_collar,134,Student,112,
Blue_collar,123,Student,106,
Blue_collar,131,Student,111,
Blue_collar,130,Student,105,
Blue_collar,128,Student,117,
Blue_collar,136,Student,113,
Blue_collar,131,Student,111,
Blue_collar,143,Student,107,
Blue_collar,127,Student,106,
Blue_collar,130,Student,113,
Blue_collar,131,Student,105,
Blue_collar,136,Student,120,
Blue_collar,134,Student,115,
Blue_collar,114,Student,111,
