Housewife,133,Student,118,
Housewife,143,Student,123,
Housewife,144,Student,112,
Student,102,Housewife,135,
Housewife,136,Student,104,
Student,105,Housewife,137,
Housewife,146,Student,113,
Student,110,Housewife,143,
Housewife,133,Student,103,
Housewife,145,Student,111,
Housewife,129,Student,100,
Housewife,140,Student,110,
Housewife,129,Student,106,
Housewife,140,Student,108,
Housewife,134,Student,115,
Housewife,144,Student,109,
Housewife,145,Student,106,
Housewife,137,Student,114,
Housewife,142,Student,111,
Housewife,143,Student,119,
Housewife,140,Student,114,
Housewife,141,Student,110,
Housewife,151,Student,119,
Student,112,Housewife,142,
Student,105,Housewife,128,
Housewife,145,Student,104,
Housewife,146,Student,95,
Housewife,143,Student,106,
Housewife,143,Student,118,
Student,110,Housewife,132,
