Housewife,127,Student,104,
Housewife,130,Student,108,
Housewife,137,Student,121,
Housewife,129,Student,119,
Housewife,125,Student,108,
Student,109,Housewife,136,
Housewife,136,Student,105,
Housewife,145,Student,114,
Housewife,145,Student,118,
Housewife,133,Student,96,
Student,116,Housewife,123,
Housewife,136,Student,104,
Housewife,145,Student,108,
Housewife,121,Student,107,
Student,111,Housewife,131,
Housewife,143,Student,108,
Housewife,140,Student,111,
Housewife,139,Student,117,
Housewife,143,Student,110,
Student,115,Housewife,144,
Student,115,Housewife,139,
Housewife,129,Student,107,
Housewife,128,Student,106,
Housewife,138,Student,99,
Housewife,145,Student,104,
Student,108,Housewife,129,
Housewife,137,Student,112,
Student,106,Housewife,137,
Housewife,129,Student,98,
Housewife,140,Student,114,
