Housewife,142,Student,105,
Housewife,141,Student,109,
Housewife,150,Student,115,
Housewife,136,Student,108,
Housewife,140,Student,116,
Student,111,Housewife,141,
Housewife,142,Student,111,
Student,111,Housewife,131,
Housewife,129,Student,106,
Housewife,133,Student,108,
Housewife,137,Student,110,
Housewife,144,Student,117,
Student,114,Housewife,149,
Housewife,140,Student,115,
Housewife,137,Student,108,
Student,108,Housewife,132,
Housewife,144,Student,109,
Housewife,146,Student,110,
Housewife,120,Student,99,
Housewife,136,Student,105,
Housewife,137,Student,110,
Housewife,137,Student,111,
Housewife,133,Student,94,
Student,105,Housewife,128,
Student,101,Housewife,139,
Student,114,Housewife,139,
Housewife,129,Student,104,
Housewife,143,Student,100,
Student,125,Housewife,139,
Housewife,142,Student,112,
