Student,113,Blue_collar,141,
Blue_collar,121,Student,101,
Blue_collar,141,Student,109,
Blue_collar,137,Student,109,
Blue_collar,129,Student,109,
Student,99,Blue_collar,125,
Student,120,Blue_collar,134,
Blue_collar,144,Student,118,
Blue_collar,134,Student,111,
Student,120,Blue_collar,130,
Blue_collar,136,Student,107,
Blue_collar,142,Student,118,
Blue_collar,137,Student,103,
Blue_collar,137,Student,111,
Blue_collar,137,Student,118,
Blue_collar,139,Student,115,
Student,101,Blue_collar,127,
Blue_collar,131,Student,115,
Blue_collar,144,Student,116,
Blue_collar,131,Student,107,
Blue_collar,143,Student,114,
Blue_collar,137,Student,111,
Blue_collar,129,Student,110,
Blue_collar,135,Student,114,
Student,106,Blue_collar,131,
Student,107,Blue_collar,138,
Blue_collar,139,Student,110,
Blue_collar,129,Student,105,
Blue_collar,134,Student,108,
Blue_collar,145,Student,116,
