Student,105,Blue_collar,127,
Blue_collar,131,Student,115,
Blue_collar,134,Student,107,
Blue_collar,139,Student,105,
Blue_collar,141,Student,115,
Blue_collar,123,Student,104,
Blue_collar,137,Student,118,
Blue_collar,142,Student,115,
Blue_collar,141,Student,119,
Blue_collar,134,Student,104,
Blue_collar,133,Student,111,
Blue_collar,129,Student,112,
Blue_collar,125,Student,109,
Blue_collar,132,Student,111,
Blue_collar,128,Student,123,
Blue_collar,129,Student,102,
Blue_collar,141,Student,125,
Blue_collar,138,Student,114,
Blue_collar,142,Student,115,
Blue_collar,145,Student,106,
Blue_collar,128,Student,95,
Blue_collar,141,Student,121,
Blue_collar,132,Student,105,
Blue_collar,137,Student,112,
Blue_collar,142,Student,104,
Blue_collar,133,Student,112,
Blue_collar,141,Student,120,
Blue_collar,123,Student,102,
Blue_collar,141,Student,102,
Student,114,Blue_collar,142,
