Student,100,Blue_collar,125,
Blue_collar,139,Student,121,
Blue_collar,114,Student,100,
Blue_collar,145,Student,111,
Blue_collar,130,Student,117,
Blue_collar,133,Student,102,
Student,107,Blue_collar,129,
Blue_collar,129,Student,107,
Blue_collar,137,Student,104,
Blue_collar,121,Student,106,
Student,123,Blue_collar,137,
Blue_collar,132,Student,104,
Blue_collar,123,Student,102,
Student,119,Blue_collar,143,
Blue_collar,134,Student,112,
Blue_collar,135,Student,117,
Blue_collar,125,Student,100,
Blue_collar,141,Student,104,
Student,113,Blue_collar,138,
Blue_collar,134,Student,107,
Blue_collar,138,Student,111,
Blue_collar,140,Student,117,
Blue_collar,141,Student,119,
Blue_collar,124,Student,110,
Blue_collar,136,Student,109,
Blue_collar,137,Student,116,
Student,118,Blue_collar,140,
Blue_collar,139,Student,111,
Blue_collar,139,Student,107,
Blue_collar,137,Student,117,
