Housewife,139,Student,106,
Student,115,Housewife,140,
Housewife,148,Student,109,
Housewife,139,Student,115,
Housewife,136,Student,103,
Housewife,138,Student,120,
Housewife,141,Student,122,
Housewife,147,Student,121,
Housewife,147,Student,114,
Housewife,140,Student,113,
Housewife,127,Student,102,
Housewife,144,Student,98,
Housewife,146,Student,116,
Housewife,145,Student,116,
Student,106,Housewife,141,
Housewife,144,Student,106,
Student,114,Housewife,131,
Housewife,138,Student,117,
Housewife,142,Student,106,
Student,96,Housewife,121,
Housewife,133,Student,111,
Housewife,132,Student,114,
Housewife,136,Student,108,
Housewife,132,Student,111,
Student,109,Housewife,139,
Student,105,Housewife,135,
Student,115,Housewife,133,
Housewife,150,Student,112,
Student,110,Housewife,133,
Student,102,Housewife,124,
