Housewife,146,Student,126,
Housewife,143,Student,99,
Housewife,133,Student,108,
Housewife,139,Student,112,
Housewife,145,Student,121,
Housewife,143,Student,110,
Housewife,142,Student,114,
Housewife,145,Student,112,
Housewife,141,Student,125,
Housewife,140,Student,104,
Housewife,143,Student,115,
Housewife,138,Student,116,
Housewife,141,Student,102,
Housewife,127,Student,98,
Housewife,137,Student,110,
Housewife,131,Student,107,
Housewife,133,Student,98,
Housewife,135,Student,123,
Housewife,140,Student,113,
Housewife,141,Student,115,
Housewife,140,Student,114,
Housewife,142,Student,119,
Housewife,139,Student,112,
Housewife,143,Student,111,
Housewife,127,Student,102,
Student,116,Housewife,135,
Housewife,135,Student,112,
Housewife,137,Student,105,
Housewife,146,Student,112,
Housewife,143,Student,128,
