Student,115,Housewife,148,
Housewife,143,Student,113,
Housewife,145,Student,110,
Student,111,Housewife,123,
Housewife,129,Student,113,
Housewife,130,Student,111,
Housewife,142,Student,108,
Housewife,131,Student,106,
Housewife,147,Student,109,
Housewife,134,Student,112,
Student,113,Housewife,147,
Housewife,135,Student,105,
Housewife,144,Student,106,
Housewife,138,Student,116,
Housewife,139,Student,118,
Housewife,138,Student,108,
Housewife,130,Student,110,
Housewife,141,Student,122,
Housewife,135,Student,102,
Housewife,139,Student,99,
Housewife,131,Student,124,
Housewife,144,Student,105,
Housewife,134,Student,104,
Housewife,137,Student,111,
Student,116,Housewife,151,
Housewife,144,Student,106,
Student,120,Housewife,145,
Housewife,142,Student,120,
Housewife,142,Student,112,
Housewife,131,Student,112,
